url,category
https://media.istockphoto.com/id/629838114/photo/group-of-people-in-the-bar.jpg?s=612x612&w=0&k=20&c=VFYqUF5PaJ1M8pR-IX8RoAUOZN1p6FqnCGCvsmjOVy4=,bar
https://media.gettyimages.com/id/1124490976/photo/two-friends-drinking-in-stylish-bar.jpg?s=612x612&w=gi&k=20&c=hx_6e5UCU_8xdFIU2kU_d5b8dxO8ZhW3cVX099U7f0g=,bar
https://media.istockphoto.com/id/641775168/photo/young-men-and-women-enjoying-a-party.jpg?s=612x612&w=0&k=20&c=AJDCeuX1OAVt93nGt3wuZ0riuvZTvyOmY0MMTeF9w2o=,bar
https://c8.alamy.com/comp/TTCX91/young-people-in-a-bar-TTCX91.jpg,bar
https://media.istockphoto.com/id/1269457909/photo/rear-view-friends-sitting-on-chairs-talking-at-the-bar-in-a-bar.jpg?s=612x612&w=0&k=20&c=bmAWRLG4JSs1_cJ_EgLdkP5RIRwtK6ms6MyphQJSI9c=,bar
https://www.shutterstock.com/image-photo/group-young-cheerful-people-toasting-260nw-2281411825.jpg,bar
https://media.gettyimages.com/id/200440157-004/photo/eight-men-drinking-alcohol-and-laughing-in-bar.jpg?s=612x612&w=gi&k=20&c=ZVuYBo0sqPJjOdL1Jy9sYXOt_3Yu-B71jv5VRVel3wA=,bar
https://as2.ftcdn.net/jpg/01/45/27/63/1000_F_145276320_Vqn0xvIVhTt0p7AN50BzfRCf5H7PUOEq.jpg,bar
https://previews.123rf.com/images/serezniy/serezniy1806/serezniy180621705/107150986-young-people-in-a-bar.jpg,bar
https://media.istockphoto.com/id/1030952354/photo/couple-on-date-sitting-at-bar-counter-and-talking.jpg?s=612x612&w=0&k=20&c=i4wy_mGUWmRqGxa-pUahvqjvGkotjDy8OIDqJ6taZ7s=,bar
https://www.shutterstock.com/shutterstock/photos/485912719/display_1500/stock-photo-young-people-group-in-bar-hold-beer-glasses-friends-sitting-at-wooden-counter-pub-friends-toast-485912719.jpg,bar
https://c8.alamy.com/comp/D35K04/group-of-five-people-drinking-and-celebrating-in-a-bar-D35K04.jpg,bar
https://media.gettyimages.com/id/1063846476/photo/friends-hanging-out-in-bar.jpg?s=612x612&w=gi&k=20&c=5ajhb2ewprBrHbgvag7UgxkgdF8bUC6Jr0JQmyGQV0Y=,bar
https://media.istockphoto.com/id/1198044266/photo/a-drink-before-lunch.jpg?s=612x612&w=0&k=20&c=PiuQp2ENdZZfrAWbHqrf3VKWG8aveC5J6mhmTZVZXMs=,bar
https://media.gettyimages.com/id/684936428/photo/group-of-people-in-the-bar.jpg?s=612x612&w=gi&k=20&c=eFsRrJsmihebR6ipK0HPOFhOSNI60QH60EiBHWqshmk=,bar
https://www.shutterstock.com/image-photo/multicultural-business-team-meeting-outdoors-600nw-2527974035.jpg,bar
https://freerangestock.com/sample/42479/group-of-people-standing-around-a-bar.jpg,bar
https://images.pexels.com/photos/16228283/pexels-photo-16228283/free-photo-of-people-sitting-at-the-bar-counter.jpeg?auto=compress&cs=tinysrgb&w=1260&h=750&dpr=1,bar
https://st2.depositphotos.com/1006542/46406/i/1600/depositphotos_464064644-stock-photo-two-male-friends-drink-fresh.jpg,bar
https://as1.ftcdn.net/jpg/04/49/17/56/1000_F_449175608_zTHNN2PCN9Wt5kzBvVe9fmQ6zZrZOxfb.jpg,bar
https://media.gettyimages.com/id/186616372/photo/happy-couple-clubbing.jpg?s=612x612&w=gi&k=20&c=rNnlq5IkDGKN83Ghb0XETK_eeIA4F3xkjpXmdZ_A2ro=,bar
https://c8.alamy.com/comp/R04JD3/diverse-group-of-people-drinking-together-in-a-trendy-bar-R04JD3.jpg,bar
https://thumbs.dreamstime.com/b/young-people-drinking-cocktails-bar-restaurant-28557670.jpg,bar
https://media.istockphoto.com/id/1367352845/photo/back-view-of-four-young-men-drinking-beer.jpg?s=612x612&w=0&k=20&c=L5avCHYWa3v_81mtFD-J43RMa9HTlMo9Z8TvCwg-t3o=,bar
https://media.istockphoto.com/id/1367352845/photo/back-view-of-four-young-men-drinking-beer.jpg?s=612x612&w=0&k=20&c=L5avCHYWa3v_81mtFD-J43RMa9HTlMo9Z8TvCwg-t3o=,bar
https://previews.123rf.com/images/lacheev/lacheev2003/lacheev200300339/142946259-friends-with-glasses-of-beer-clinking-while-standing-at-a-bar-in-a-bar-pub-young-people-drink.jpg,bar
https://t3.ftcdn.net/jpg/01/39/85/54/360_F_139855437_dM3uzsa9nM6nW5irWaso2AKRW520dRY6.jpg,bar
https://media.gettyimages.com/id/656547458/photo/manning-the-bar.jpg?s=612x612&w=gi&k=20&c=MZHN6HPOJiYMQQg5HvOoOuyijoHZV_K6QBpcmRrfMxY=,bar
https://www.shutterstock.com/image-photo/happy-young-multiracial-group-friends-600nw-2316079057.jpg,bar
https://c8.alamy.com/comp/BPE9HC/people-at-the-vaca-veja-bar-and-restaurant-in-itaim-bibi-area-sao-BPE9HC.jpg,bar
https://st4.depositphotos.com/15601592/24892/i/1600/depositphotos_248928414-stock-photo-portrait-two-drunk-businesspeople-sitting.jpg,bar
https://previews.123rf.com/images/lacheev/lacheev2001/lacheev200100041/136902810-rear-view-friends-sitting-on-chairs-talking-at-the-bar-in-a-bar-young-people-spend-their-free-time.jpg,bar
https://media.gettyimages.com/id/643821197/photo/group-of-friends-at-the-pub.jpg?s=612x612&w=gi&k=20&c=ahylUzUMDetPTxUI4ClkiKAw0Z_Xlya4nro67SI5J6M=,bar
https://media.istockphoto.com/id/861257242/photo/discussing-different-types-of-beer.jpg?s=612x612&w=0&k=20&c=eb6WZUVzXqE947pKse_y3DhMMbYlmeZeHgiHMSLs1is=,bar
https://thumbs.dreamstime.com/b/bar-people-cheer-raise-glasses-beer-to-celebrate-group-joyfully-raising-their-celebration-smiling-enjoying-328083365.jpg,bar
https://www.shutterstock.com/image-photo/multiracial-group-friends-having-fun-600nw-1935434995.jpg,bar
https://i.pinimg.com/474x/bd/72/93/bd72931ae85f1ca700e91592d19e9f22.jpg,bar
https://c8.alamy.com/comp/2ATP4YT/a-high-angle-view-of-people-drinking-in-a-bar-2ATP4YT.jpg,bar
https://media.gettyimages.com/id/2164617381/photo/quiet-contemplation.jpg?s=612x612&w=gi&k=20&c=a611bzAewKGE-3fyQoS6QuVYnSbVjTrVE14I0dm-Qvk=,bar
https://previews.123rf.com/images/nyul/nyul1208/nyul120800312/14821347-portrait-of-happy-young-people-sitting-in-pub-drinking-beer-looking-at-camera-smiling.jpg,bar
https://t4.ftcdn.net/jpg/01/36/55/99/360_F_136559916_gXcqY2ROcjVLh19AQrZ9WTmRZb1rNK7t.jpg,bar
https://media.istockphoto.com/id/533705842/photo/young-couple-sitting-at-cafe-counter.jpg?s=612x612&w=0&k=20&c=o9F3A5JrHkOMVqDXMFgkZhe7QHIc4HPrLRmvXSOitIc=,bar
https://c8.alamy.com/comp/2F7EETT/group-of-party-people-men-and-women-drinking-beer-in-a-pub-or-bar-2F7EETT.jpg,bar
https://thumbs.dreamstime.com/b/people-friends-drinking-orange-juice-talking-laughing-sitting-bar-counter-mix-race-man-woman-couple-happy-smile-77588076.jpg,bar
https://media.gettyimages.com/id/200440157-009/photo/group-of-adults-in-club.jpg?s=612x612&w=gi&k=20&c=lMpxAlXpidi8Ig57RR9rtl_8SbeQ4V0dhjxWSuDcEdY=,bar
https://media.istockphoto.com/id/1254985108/photo/senior-couple-toasting-beer-in-a-bar.jpg?s=612x612&w=0&k=20&c=cTRA6SppRybqOGkAjA6-_mzQlYxHkecq3TSxSm0MwyA=,bar
https://c8.alamy.com/comp/GMFFF4/people-sitting-at-the-bar-with-drinks-smiling-and-laughing-GMFFF4.jpg,bar
https://c8.alamy.com/comp/GMFFF4/people-sitting-at-the-bar-with-drinks-smiling-and-laughing-GMFFF4.jpg,bar
https://images.pexels.com/photos/22610383/pexels-photo-22610383/free-photo-of-alcohol-bottles-on-shelf-over-bar-counter.jpeg?auto=compress&cs=tinysrgb&dpr=1&w=500,bar
https://www.shutterstock.com/shutterstock/photos/2101691149/display_1500/stock-photo-happy-friends-group-cheering-mojito-drinks-at-cocktail-bar-restaurant-young-people-having-fun-2101691149.jpg,bar
https://media.istockphoto.com/id/542111792/photo/female-students-learning-computer-programming.jpg?s=612x612&w=0&k=20&c=38Cs7QNOOgT2gYTwajkHCnplO6M48R1-GGhezmMZhdM=,coding
https://media.istockphoto.com/id/1363276581/photo/smart-young-students-studying-in-university-with-diverse-multiethnic-classmates-scholars.jpg?s=612x612&w=0&k=20&c=WDaO5Q_W8HNyEk3NOfvVns266zuNk3n48i3nfgh-bfQ=,coding
https://media.istockphoto.com/id/1338344348/photo/diverse-school-children-students-build-robotic-cars-using-computers-and-coding.jpg?s=612x612&w=0&k=20&c=g1Qt2LDF792cAI4slyrft7WtgEUjqIaKPCvA1KQVZ5E=,coding
https://media.istockphoto.com/id/1483272796/photo/seminar-coding-talking.jpg?s=612x612&w=0&k=20&c=1T4WVOI_RzPaQBAyC1z02hR0cycAp2RgbAS2_EoifnE=,coding
https://media.istockphoto.com/id/1047617072/photo/teacher-helping-female-pupil-line-of-high-school-students-working-at-screens-in-computer-class.jpg?s=612x612&w=0&k=20&c=oSXnkM8gqpNkML1qf4agChAziD9zropV9TZ_mhhJWgM=,coding
https://media.istockphoto.com/id/523031716/photo/multi-ethnic-students-learning-computer-programming-working-together.jpg?s=612x612&w=0&k=20&c=yji1Ll86CgzZfv4PTvEbiqo4y7i6dpI_jTlAjMGdbs4=,coding
https://media.istockphoto.com/id/1363276509/photo/teacher-giving-computer-science-lecture-to-diverse-multiethnic-group-of-female-and-male.jpg?s=170667a&w=is&k=20&c=WPX0HeppDyz79mzYC_kxn89EQd0M8wx8J-cno-1aApc=,coding
https://media.istockphoto.com/id/1047529636/photo/male-teacher-helping-teenage-female-high-school-student-working-in-computer-class.jpg?s=612x612&w=0&k=20&c=e48Zmto3gjKKGXppEWuWxcViVR_gXVPwoF4jY9JXs-A=,coding
https://c8.alamy.com/comp/2PJW7F8/black-child-sitting-in-a-coding-class-working-on-a-laptop-and-learning-basic-programming-skills-happy-young-kid-enjoying-a-tech-lesson-at-school-bu-2PJW7F8.jpg,coding
https://media.gettyimages.com/id/1432248858/photo/smiling-male-programmer-explains-a-coding-technique-to-a-new-female-colleague-while-sitting.jpg?s=612x612&w=gi&k=20&c=WjRXLkELqfXJKLtQJULzxUwr_qpaVzOQBJfivC2ni9I=,coding
https://media.istockphoto.com/id/1221204650/photo/business-can-not-wait.jpg?s=612x612&w=0&k=20&c=1ZJn_BWN-OqIlnjohELZnsUlaXsw9LsKHkUDS8mHfhY=,coding
https://www.shutterstock.com/image-photo/elementary-school-science-class-over-600nw-1795173874.jpg,coding
https://thumbs.dreamstime.com/b/male-student-building-programing-robot-vehicle-school-computer-coding-class-153641479.jpg,coding
https://media.istockphoto.com/id/1322369824/photo/group-of-kids-studying-it-in-class.jpg?s=612x612&w=0&k=20&c=XxgmWQzW_PxsJQuIWn6gMQ4Taa1ILj2i3vbra98cX04=,coding
https://media.gettyimages.com/id/1432249453/photo/a-male-programmer-shows-a-female-colleague-a-coding-technique-the-codes-are-visible-on-the.jpg?s=170667a&w=gi&k=20&c=LLWW8ZQni-LS3r9FTqFU65aEhagGLLhZlnkOW_4QdXA=,coding
https://media.istockphoto.com/id/657122986/photo/multiethnic-group-of-girls-learning-computer-programming.jpg?s=612x612&w=0&k=20&c=HWp27KmVmCBFdkAJJfAacd0EaRIt8tS5tgd_3gqqXGU=,coding
https://t3.ftcdn.net/jpg/03/70/98/62/360_F_370986214_Fm5ykxYE7HPmNcsr9g8YvRlilgyYyyt4.jpg,coding
https://media.gettyimages.com/id/2156387160/photo/hispanic-latin-american-couple-software-engineer-developer-use-computer-work-on-program.jpg?s=612x612&w=gi&k=20&c=y4Ud4BNwBZQP-MKEDxmqHSpeZaw1e6fSRtBtH7ywIY4=,coding
https://www.shutterstock.com/image-vector/coding-workshop-isolated-concept-vector-600nw-2430956817.jpg,coding
https://media.gettyimages.com/id/919742460/photo/learning-to-code.jpg?s=612x612&w=gi&k=20&c=AoklvfXiHqOaF1yAlMbSuygMu1wZZt9rVLTnm-MqTys=,coding
https://media.istockphoto.com/id/2035610502/photo/teacher-and-students-in-programming-school.jpg?s=612x612&w=0&k=20&c=THIIsJn3V6JOjB0q6H_0dXNvmYOo9MAZJK77I3YZjyA=,coding
https://thumbs.dreamstime.com/z/two-male-students-building-programming-robot-vehicle-school-computer-coding-class-343800786.jpg,coding
https://media.gettyimages.com/id/1370715471/photo/students-working-on-computer-assignment-during-seminar-group.jpg?s=612x612&w=gi&k=20&c=mcG-1TSxgdDeXhTTO7CzX3pGsEDmFECETVqRVdwDaBI=,coding
https://media.istockphoto.com/id/1318462880/photo/boy-typing-keyboard-for-programming-robot-kit.jpg?s=612x612&w=0&k=20&c=4KDYJtLwLqvZrMAofDJM_7JdtYWi2TuuYEw7qOX7--s=,coding
https://media.istockphoto.com/id/1318462880/photo/boy-typing-keyboard-for-programming-robot-kit.jpg?s=612x612&w=0&k=20&c=4KDYJtLwLqvZrMAofDJM_7JdtYWi2TuuYEw7qOX7--s=,coding
https://c8.alamy.com/comp/2A3X827/african-american-male-student-coding-in-class-2A3X827.jpg,coding
https://www.shutterstock.com/image-photo/knowledgeable-teacher-giving-lecture-about-600nw-2326351731.jpg,coding
https://c8.alamy.com/comp/2AFH541/overhead-view-of-students-in-after-school-computer-coding-class-learning-to-program-robot-vehicle-2AFH541.jpg,coding
https://media.istockphoto.com/id/1150731216/photo/female-student-building-and-programing-robot-vehicle-in-after-school-computer-coding-class.jpg?s=612x612&w=0&k=20&c=PCBHgZYdNJJPo7T6bPF0NniIrOcF5N2RXVwkR6i-G38=,coding
https://media.gettyimages.com/id/1459731733/photo/young-asian-woman-software-developers-mentor-leader-manager-talking-to-executive-team.jpg?s=612x612&w=gi&k=20&c=tCzFFxlyEAD9WIFXpoTfRPOJkzAzfGd1FhtFtLgnFS8=,coding
https://media.istockphoto.com/id/996990848/photo/students-creating-programs-while-using-laptop.jpg?s=612x612&w=0&k=20&c=qJTLvRI0jmDT4S_YZpwv7dhv7tZiox_p1_FNzMiMK6o=,coding
https://l450v.alamy.com/450v/2afh54t/overhead-view-of-students-in-after-school-computer-coding-class-learning-to-program-robot-vehicle-2afh54t.jpg,coding
https://media.gettyimages.com/id/1572761721/photo/high-school-student-and-male-teacher-learing-programming.jpg?s=612x612&w=gi&k=20&c=pzp-jcRXxtbuyY49lGacal9jCWwBRczHvVKR-7CM7ig=,coding
https://thumbs.dreamstime.com/z/portrait-female-student-building-programing-robot-vehicle-school-computer-coding-class-portrait-female-student-153641787.jpg,coding
https://images.stockcake.com/public/9/8/f/98fe2f8b-56d8-4e45-aa75-26869b522654_large/coding-class-session-stockcake.jpg,coding
https://www.shutterstock.com/image-photo/handsome-smart-male-student-studying-600nw-2102457385.jpg,coding
https://media.istockphoto.com/id/901895864/photo/receiving-help-in-a-lesson.jpg?s=612x612&w=0&k=20&c=tU5Ef6WtyWr7qyKd3y_2fZ4ylPhJJTMuMiAQrWF8Xyc=,coding
https://st4.depositphotos.com/2572561/40210/i/450/depositphotos_402100632-stock-photo-elementary-school-science-class-over.jpg,coding
https://thumbs.dreamstime.com/z/two-students-school-computer-coding-class-building-learning-to-program-robot-vehicle-153641618.jpg,coding
https://media.istockphoto.com/id/1460840877/photo/young-male-teacher-teaching-a-programing-class.jpg?s=612x612&w=0&k=20&c=RjzL35cS9oMbfI3Od5_ogh8ow0KK2-ZQc_tHChCbs7g=,coding
https://c8.alamy.com/comp/2RGETK9/group-of-young-kids-learning-how-a-code-works-as-they-engage-with-each-other-in-a-computer-programming-class-sitting-around-a-laptop-the-kids-assist-2RGETK9.jpg,coding
https://thumbs.dreamstime.com/z/portrait-male-student-building-robot-vehicle-school-computer-coding-class-153641503.jpg,coding
https://media.istockphoto.com/id/1957150080/photo/students-in-computer-coding-class-building-and-programing-robot-vehicle.jpg?s=612x612&w=0&k=20&c=wBCCENtMbsyk_KPU10O0lnN6Ukab1Ya44KFvZIh30ag=,coding
https://c8.alamy.com/comp/2HM9WB5/students-in-school-computer-coding-class-building-and-learning-to-program-robot-vehicle-multi-ethnic-children-making-science-technology-and-coding-2HM9WB5.jpg,coding
https://thumbs.dreamstime.com/b/classroom-student-stem-class-learning-coding-robotics-car-children-watching-laptop-thinking-boys-girl-looking-329694248.jpg,coding
https://media.gettyimages.com/id/1450957578/video/young-asian-woman-software-developers-mentor-leader-manager-talking-to-executive-team.jpg?s=640x640&k=20&c=Dhy34QThNiOQseZ01IfCs3MIf4ej8jAwA2NfvIVOU9M=,coding
https://c8.alamy.com/comp/2AFH552/students-in-after-school-computer-coding-class-building-and-learning-to-program-robot-vehicle-2AFH552.jpg,coding
https://as1.ftcdn.net/jpg/04/74/75/98/1000_F_474759808_kwv3XXpYN3xBm7FaXsFDEh3gfhTeZvkh.jpg,coding
https://as1.ftcdn.net/jpg/04/74/75/98/1000_F_474759808_kwv3XXpYN3xBm7FaXsFDEh3gfhTeZvkh.jpg,coding
https://thumbs.dreamstime.com/b/group-students-female-teacher-school-computer-coding-class-learn-to-program-robot-vehicle-343800525.jpg,coding
https://as1.ftcdn.net/jpg/02/65/65/28/1000_F_265652814_5Jp9YGaaoqRz4z6KlvLP6KoZBMmPLe6H.jpg,dance class
https://media.istockphoto.com/id/967041640/photo/children-dancing-contemp-in-studio-smiling-and-having-fun.jpg?s=612x612&w=0&k=20&c=J5EcohD-XrTcOGKN_7B7rEhO12_dp0TSbOYof89DxNw=,dance class
https://media.istockphoto.com/id/468936082/photo/young-children-practicing-dance.jpg?s=612x612&w=0&k=20&c=AwIlkwCmxCXyJVZq-NML1J50iWg6jG0g2UNPzxKcRwg=,dance class
https://media.gettyimages.com/id/1343284990/photo/hispanic-group-dance-fitness-class.jpg?s=612x612&w=gi&k=20&c=1g0R6QJYzGSaBPqjcJ3j8qcwYI2WXweA4uFl5XKzTek=,dance class
https://media.istockphoto.com/id/498089329/photo/little-girls-dancing.jpg?s=612x612&w=0&k=20&c=qT0T2k2suvoQNVdi_5lJPTk45J3G7ust8roZTEFpQCA=,dance class
https://images.pexels.com/photos/12312/pexels-photo-12312.jpeg?auto=compress&cs=tinysrgb&dpr=1&w=500,dance class
https://c8.alamy.com/comp/2HB14WD/cool-male-dancer-doing-ballet-tip-toe-turn-during-break-dance-practice-in-studio-2HB14WD.jpg,dance class
https://www.shutterstock.com/image-photo/group-dance-class-diverse-participants-600nw-2534284455.jpg,dance class
https://previews.123rf.com/images/jackf/jackf1811/jackf181104713/111663786-smiling-sporty-adults-of-different-ages-dancing-at-dance-class.jpg,dance class
https://media.gettyimages.com/id/947537080/photo/children-practicing-musical-theater-in-studio.jpg?s=612x612&w=gi&k=20&c=Ob2l3N0P1o8bgnYEwbztXr81u_kLu5NNrAOSKR1YOyE=,dance class
https://images.pexels.com/photos/8957645/pexels-photo-8957645.jpeg?cs=srgb&dl=pexels-kampus-8957645.jpg&fm=jpg,dance class
https://t3.ftcdn.net/jpg/00/59/75/26/360_F_59752635_y1HkYJT4gsvGKOPBL8K8OQMwZbph0Tdo.jpg,dance class
https://thumbs.dreamstime.com/b/group-people-urban-dance-class-studio-69807147.jpg,dance class
https://media.istockphoto.com/id/483396427/photo/dance-fitness.jpg?s=612x612&w=0&k=20&c=muLXGopm5JdwVrf6dQgrkp3CoHJggjsjEKvmF7tsgwg=,dance class
https://st2.depositphotos.com/1022715/8016/i/950/depositphotos_80169026-stock-photo-girls-at-ballet-dancing-class.jpg,dance class
https://c8.alamy.com/comp/G0CT87/ballerina-with-smile-sitting-on-the-floor-in-a-dance-class-G0CT87.jpg,dance class
https://images.unsplash.com/photo-1524594152303-9fd13543fe6e?fm=jpg&q=60&w=3000&ixlib=rb-4.0.3&ixid=M3wxMjA3fDB8MHxzZWFyY2h8Mnx8ZGFuY2UlMjBjbGFzc3xlbnwwfHwwfHx8MA%3D%3D,dance class
https://www.shutterstock.com/image-photo/positive-boy-exercising-group-classmates-260nw-2326511733.jpg,dance class
https://previews.123rf.com/images/jackf/jackf2303/jackf230300668/199621267-joyous-boy-and-girls-dancing-hip-hop-at-lesson-in-class.jpg,dance class
https://st4.depositphotos.com/5392356/24915/i/450/depositphotos_249156258-stock-photo-choreographed-dance-group-young-ballerinas.jpg,dance class
https://media.gettyimages.com/id/1689168106/photo/rear-view-of-a-woman-dancing-at-dance-studio.jpg?s=612x612&w=gi&k=20&c=oAiAk9izIQkSfEy4D1kGuy-O1jtH87oIn684918ZAVc=,dance class
https://thumbs.dreamstime.com/b/kids-dancing-class-traninng-scarfs-children-modern-group-choreography-45177643.jpg,dance class
https://media.istockphoto.com/id/2159701965/photo/kids-having-fun-on-dance-class-on-dance-studio.jpg?s=612x612&w=0&k=20&c=B58ExqGStsZUSAgCDdaN-SGuMMo0bSLr7sBGXL9x7sM=,dance class
https://t4.ftcdn.net/jpg/05/10/81/89/360_F_510818976_CoP2h7WzBEFHXjOlERSOaWQSif2vlBNM.jpg,dance class
https://t4.ftcdn.net/jpg/05/10/81/89/360_F_510818976_CoP2h7WzBEFHXjOlERSOaWQSif2vlBNM.jpg,dance class
https://www.shutterstock.com/image-photo/group-kids-having-dance-class-600nw-2341798905.jpg,dance class
https://st3.depositphotos.com/1177973/15217/i/450/depositphotos_152174712-stock-photo-group-young-hip-hop-dancers.jpg,dance class
https://us.123rf.com/450wm/jackf/jackf2503/jackf250306418/243416121-girl-learn-to-dance-hip-hop-dances-doing-movement-with-unrecognizable-teacher.jpg?ver=6,dance class
https://media.gettyimages.com/id/956152482/photo/hip-hop-dance-group-of-young-diverse-girls.jpg?s=612x612&w=gi&k=20&c=I71LcNh6AxyZiPPnVv2BEQ6jBe9USdsFBkonzamAdvA=,dance class
https://thumbs.dreamstime.com/b/group-people-dancing-dance-class-having-fun-57240951.jpg,dance class
https://media.istockphoto.com/id/1448395809/photo/senior-woman-dancing-with-her-friends-on-a-dance-hall.jpg?s=612x612&w=0&k=20&c=X9L34zlR6Z44QPr0WMmbTYKxG4Ngt-ZC5rfjrXxWCpM=,dance class
https://t4.ftcdn.net/jpg/01/65/71/65/360_F_165716531_TDD2WZEsWxRBtReWsJdYaJ99dHkHobJ8.jpg,dance class
https://www.shutterstock.com/image-photo/group-boys-girls-teacher-doing-260nw-2472087871.jpg,dance class
https://plus.unsplash.com/premium_photo-1681492514899-089902cd417a?fm=jpg&q=60&w=3000&ixlib=rb-4.0.3&ixid=M3wxMjA3fDB8MHxzZWFyY2h8MXx8ZGFuY2UlMjBjbGFzc3xlbnwwfHwwfHx8MA%3D%3D,dance class
https://cdn6.dissolve.com/p/D985_64_530/D985_64_530_1200.jpg,dance class
https://us.123rf.com/450wm/lanastock/lanastock2002/lanastock200200195/140729370-full-of-energy-cute-little-boy-in-white-t-shirt-looking-at-camera-and-gesturing-while-having-a.jpg?ver=6,dance class
https://media.gettyimages.com/id/1448500581/photo/portrait-of-a-senior-woman-dancing-with-her-friends-on-a-dance-hall.jpg?s=612x612&w=gi&k=20&c=FQvU7Ae64aMydHFHyM3MQHpnVhtAUytlWLmQIQM8lxE=,dance class
https://thumbs.dreamstime.com/b/stress-sad-bullying-ballet-dance-student-teacher-support-help-care-studio-class-group-women-young-girl-crying-254523108.jpg,dance class
https://c8.alamy.com/comp/2DC5H60/woman-dancing-actively-during-the-dance-class-2DC5H60.jpg,dance class
https://en.pimg.jp/043/381/705/1/43381705.jpg,dance class
https://img.pikbest.com/origin/05/89/62/07hpIkbEsTIZf.jpg!f305cw,dance class
https://bodyliberationphotos.com/wp-content/uploads/2020/11/Plus-Size-amp-Diverse-Stock-Photo-Fat-Dance-Class-58106.jpg,dance class
https://images.stockcake.com/public/2/8/6/286ba175-841b-444c-8fe0-518d9b160b47_large/joyful-dance-class-stockcake.jpg,dance class
https://cms-artifacts.artlist.io/content/motion-array/520373/Pretty_Women_Enjoying_Dance_Class_high_resolution_preview_520373.jpg?Expires=2036490592429&Key-Pair-Id=K2ZDLYDZI2R1DF&Signature=Obrjyd8zBNkTQtdtK92gPbxv53LRCQI3dZJ6by024MY4A1kzFfIr7uKDzw-tpf92dYmNfRrF13-RTie3hlnv0Vgb5JlsN6J0MwSqjMDNMB-3lXupVyuOBS5ZNTvg2mgVSISKWA7eSjJuq7CRQh0-Vff1iXF2qjxnYf69ECPTF6bVYtWUa0mIQjRWQ5ya6xL6vaUnFyzrM9NS1wZxH-z3SQAUtwsGIUqhTcCvXIjrY3QpgjCh5X91eUa9xawC3wFdrRvFrXmAQB6g9kw1BoXQPzFdRhj95qECU3NUGNadL-DcBOX~cj2lOsnhjp~cCltQxy7Xl7JPUQhr0t-yc2T7AA__,dance class
https://media.istockphoto.com/id/521912231/photo/dancing-class.jpg?s=612x612&w=0&k=20&c=4qPtUdiSyzqbVsEC_PYUi5FlZ2GZ9VaCw01-fWZL8nE=,dance class
https://t4.ftcdn.net/jpg/03/40/51/65/360_F_340516560_gKJSjmXXjDHu28s4JUkIGxRi3u9FhTjD.jpg,dance class
https://www.shutterstock.com/image-photo/man-girl-standing-next-each-600nw-2452344265.jpg,dance class
https://www.shutterstock.com/image-photo/man-girl-standing-next-each-600nw-2452344265.jpg,dance class
https://images.stockcake.com/public/4/a/b/4abd173f-4c64-4b0e-b31c-208a8ab8f137_large/vibrant-dance-class-stockcake.jpg,dance class
https://bodyliberationphotos.com/wp-content/uploads/2020/11/Plus-Size-amp-Diverse-Stock-Photo-Fat-Dance-Class-58092.jpg,dance class
https://media.istockphoto.com/id/1433453917/photo/young-happy-man-serving-thanksgiving-turkey-to-his-friends-at-dining-table.jpg?s=612x612&w=0&k=20&c=JTLgKto7C_q435Isz3h05LBreakWXf6VTAPynINC5Mc=,dinner
https://media.istockphoto.com/id/1457495393/photo/multiracial-group-of-friends-having-dinner-party-sitting-at-coffee-bar-table-young-people.jpg?s=612x612&w=0&k=20&c=noLKTnFTiDMdI-cOUcE1qfRw4oVqVGvHhPTw48jm_tM=,dinner
https://media.gettyimages.com/id/1136788675/photo/cheers.jpg?s=612x612&w=gi&k=20&c=PH2xN8TwLiPLCZiUu4YozAQJzoTTR6Vb3aWck0pR4rg=,dinner
https://media.gettyimages.com/id/1043479218/photo/group-of-cheerful-business-people-having-fun-on-a-lunch.jpg?s=612x612&w=gi&k=20&c=oYcNeZLLVbfCShWd-9EDQA-ZkaI1KjdWZ8fIfu_Moxw=,dinner
https://media.istockphoto.com/id/1331254688/photo/multiracial-people-having-fun-doing-selfie-at-food-truck-outdoor-focus-on-african-man-face.jpg?s=612x612&w=0&k=20&c=UGTtp3JmmA9Tl7ObJ57wUr6VM6VddSQJj4rIHZcYM5o=,dinner
https://media.istockphoto.com/id/1146671966/photo/four-young-female-friends-meeting-for-drinks-and-food-making-a-toast-in-restaurant.jpg?s=612x612&w=0&k=20&c=D6Mj9fCOAaZI7dVIH1DLsHNZ6jExkCBL7AOam3PGV9k=,dinner
https://c8.alamy.com/comp/KX36K4/group-business-people-partners-sitting-dining-table-dinner-party-restaurant-KX36K4.jpg,dinner
https://media.gettyimages.com/id/1426469669/photo/happy-senior-woman-serving-a-meal-to-her-family-in-dining-room.jpg?s=612x612&w=gi&k=20&c=u5HUlIIefJ6i_VZDKjDOzVIpJUDfnWLY6f9c9ihTK4I=,dinner
https://img.freepik.com/free-photo/group-young-people-enjoying-dinner-together_23-2148454092.jpg,dinner
https://c8.alamy.com/comp/2A7NPHJ/portrait-of-african-american-man-saying-grace-sitting-at-dinner-table-during-christmas-banquet-with-friends-and-family-2A7NPHJ.jpg,dinner
https://thumbs.dreamstime.com/b/business-people-dinner-meeting-restaurant-concept-businessmans-having-indoor-group-geting-order-corporate-collaboration-133749295.jpg,dinner
https://media.istockphoto.com/id/1181396290/photo/people-laughing-at-dinner-table.jpg?s=612x612&w=0&k=20&c=6Vyn5ppOp9fLqOeVKL9KCWfNYS69_SchgiOyviVAVuM=,dinner
https://c8.alamy.com/comp/KX36N6/group-business-people-colleague-together-dinner-party-in-restaurant-KX36N6.jpg,dinner
https://media.gettyimages.com/id/1419717137/photo/happy-diverse-friends-sitting-at-the-table-and-talking-to-each-other.jpg?s=612x612&w=gi&k=20&c=zX75ET8YpSQ4mdOYewlnNP89r2QwaJQbY0K25eJA6xQ=,dinner
https://thumbs.dreamstime.com/b/happy-family-people-having-fun-barbecue-dinner-multiracial-friends-eating-bbq-meal-food-friendship-relationship-summer-174033458.jpg,dinner
https://www.shutterstock.com/image-photo/young-happy-people-having-lunch-260nw-2477890909.jpg,dinner
https://media.istockphoto.com/id/1054319798/photo/group-of-happy-friends-having-breakfast-in-the-restaurant.jpg?s=612x612&w=0&k=20&c=rdb2gaIzr5n2eZthvK1B73LQa3yapubVD2AM_-SF50o=,dinner
https://www.shutterstock.com/image-photo/group-multiethnic-diverse-people-having-260nw-2227481211.jpg,dinner
https://media.gettyimages.com/id/1404204719/photo/unrecognizable-multiracial-female-and-male-friends-having-the-dinner-at-the-restaurant-balcony.jpg?s=170667a&w=gi&k=20&c=yYCDcr_4NRekW_zUCDhHmpDSB_xktyV6iRe_lmQozJQ=,dinner
https://c8.alamy.com/comp/2RX6G77/happy-heterosexual-couple-enjoying-dinner-party-at-home-2RX6G77.jpg,dinner
https://t4.ftcdn.net/jpg/01/11/97/99/360_F_111979999_w5g38xgRifYlDuaYp1dUtPlOSWlRKOc6.jpg,dinner
https://www.shutterstock.com/shutterstock/photos/2233467629/display_1500/stock-photo-diversity-dinner-and-group-of-people-toast-celebration-together-at-party-friends-happy-and-2233467629.jpg,dinner
https://img.freepik.com/free-photo/young-happy-woman-her-friends-having-fun-while-drinking-wine-lunch-time-home_637285-3187.jpg?semt=ais_hybrid&w=740,dinner
https://img.freepik.com/free-photo/young-happy-woman-her-friends-having-fun-while-drinking-wine-lunch-time-home_637285-3187.jpg?semt=ais_hybrid&w=740,dinner
https://media.istockphoto.com/id/665393236/photo/business-people-meeting-eating-discussion-cuisine-party-concept.jpg?s=612x612&w=0&k=20&c=OWikKg0p7VwcS8ipa8oPxaOrSkgb9bc0nnQtp7_wYqA=,dinner
https://st4.depositphotos.com/1022135/39511/i/1600/depositphotos_395116074-stock-photo-group-young-people-having-dinner.jpg,dinner
https://cdn7.dissolve.com/p/D187_257_049/D187_257_049_1200.jpg,dinner
https://media.gettyimages.com/id/539812174/photo/luxury-dinner-friends-eating-together.jpg?s=612x612&w=gi&k=20&c=KoAgJjQK2iZASZNS6VixbqWxRYTRcJx099_3zBP0e30=,dinner
https://photos.peopleimages.com/picture/202302/2627556-couple-at-dinner-celebration-at-restaurant-with-fine-dining-wine-and-food-with-love-and-anniversary-and-young-people.-happiness-eating-and-care-in-relationship-with-commitment-and-partnership-fit_400_400.jpg,dinner
https://c8.alamy.com/comp/F6T8AA/friends-eating-at-dinner-party-F6T8AA.jpg,dinner
https://dfjx2uxqg3cgi.cloudfront.net/img/photo/173031/173031_00_2x.jpg?20190625232054,dinner
https://thumbs.dreamstime.com/b/portrait-senior-friends-enjoying-outdoor-dinner-party-home-portrait-senior-friends-enjoying-outdoor-dinner-party-home-104869559.jpg,dinner
https://as1.ftcdn.net/jpg/05/51/05/06/1000_F_551050617_KzkoHl4nE5MnJF2yv8MPFPKyWKzmr79Y.jpg,dinner
https://st2.depositphotos.com/3591429/11475/i/950/depositphotos_114751052-stock-photo-diverse-people-having-dinner-together.jpg,dinner
https://www.shutterstock.com/image-photo/business-people-dinner-meeting-restaurant-600nw-1253874826.jpg,dinner
https://c8.alamy.com/comp/ACG74H/three-people-having-dinner-ACG74H.jpg,dinner
https://media.istockphoto.com/id/1485795977/video/multiethnic-couple-going-restaurant-at-evening-city-two-people-on-dinner-date.jpg?s=640x640&k=20&c=Hi9eb8RwbX0auohdAvD7pmhov5VvtwK31KJsw8Jo660=,dinner
https://thumbs.dreamstime.com/b/food-people-eating-together-table-holiday-celebration-dinner-party-above-group-family-friends-hands-sharing-342276215.jpg,dinner
https://c8.alamy.com/comp/E59CN3/friends-applauding-at-dinner-party-E59CN3.jpg,dinner
https://media.gettyimages.com/id/1438016630/photo/medium-overhead-shot-of-families-sharing-dinner-at-outdoor-restaurant.jpg?s=170667a&w=gi&k=20&c=3GGg--EjdYpD2isaBaCVxdN410CiUYEPKbo651JzD7Q=,dinner
https://www.shutterstock.com/shutterstock/photos/2322037993/display_1500/stock-photo-happy-african-american-married-couple-having-dinner-by-candlelight-at-home-and-toasting-with-wine-2322037993.jpg,dinner
https://thumbs.dreamstime.com/b/people-having-lunch-dinner-restaurant-hand-reaches-meat-delightful-gathering-featuring-lavish-feast-374529951.jpg,dinner
https://media.istockphoto.com/id/1444001932/photo/business-lunch.jpg?s=612x612&w=0&k=20&c=MFmAaYl5GL4chJFbSAfrE_tJfy7XiRpphXphpYjIsv4=,dinner
https://c8.alamy.com/comp/W2NB08/young-people-having-lunch-together-or-having-dinner-in-the-restaurant-W2NB08.jpg,dinner
https://www.shutterstock.com/image-photo/single-people-relax-city-lifestyle-600nw-2505107477.jpg,dinner
https://media.gettyimages.com/id/627873424/photo/friends-enjoying-a-meal.jpg?s=612x612&w=gi&k=20&c=AfIseWCEPlpGkUYWwI2kEX_n8sr7pPWGK2cc5mwHlbk=,dinner
https://thumbs.dreamstime.com/b/corporate-business-man-toasting-dinner-party-table-hands-clos-close-up-wedding-reception-guests-toast-alcohol-drinks-glasses-122374781.jpg,dinner
https://media.istockphoto.com/id/495799500/photo/good-food-and-laughter-go-hand-in-hand.jpg?s=612x612&w=0&k=20&c=b5NzRzCcGfa42duoo99ITIOfK8Z9aHaiomKKNiXxSAg=,dinner
https://media.istockphoto.com/id/495799500/photo/good-food-and-laughter-go-hand-in-hand.jpg?s=612x612&w=0&k=20&c=b5NzRzCcGfa42duoo99ITIOfK8Z9aHaiomKKNiXxSAg=,dinner
https://www.shutterstock.com/shutterstock/photos/2370613307/display_1500/stock-photo-multiethnic-group-of-people-at-festive-dinner-table-celebrating-thanksgiving-together-and-enjoying-2370613307.jpg,dinner
https://www.shutterstock.com/shutterstock/photos/1909533559/display_1500/stock-photo-group-of-four-hikers-with-backpacks-walks-in-mountains-at-sunset-1909533559.jpg,hiking
https://media.istockphoto.com/id/1369171053/photo/group-of-sporty-people-walks-in-mountains-at-sunset-with-backpacks.jpg?s=612x612&w=0&k=20&c=ajQuWt2YRWd0FPaCpdKz2Tt3WX2NI1ddeZjf8HIxlwU=,hiking
https://media.istockphoto.com/id/1511069617/photo/women-hikers-embracing-the-untamed-beauty-of-tasmania-through-exhilarating-bushwalking.jpg?s=612x612&w=0&k=20&c=T8sDlMsvby3usWMjkdvQobeMycD0YkwyreeRF9VFWE8=,hiking
https://images.pexels.com/photos/1365425/pexels-photo-1365425.jpeg?cs=srgb&dl=pexels-sanmane-1365425.jpg&fm=jpg,hiking
https://t3.ftcdn.net/jpg/01/09/20/40/360_F_109204081_CvSWBmG5pRGDwIERPX0Uv97YSn7dTdoV.jpg,hiking
https://media.gettyimages.com/id/1369654070/photo/young-couple-backpack-up-a-mountain-summit.jpg?s=612x612&w=gi&k=20&c=CkYYtk4qXsnqZ-b4hVk7ZIhxbu3Z9K7n6saxga0W99M=,hiking
https://media.istockphoto.com/id/1305177948/photo/family-with-small-children-hiking-outdoors-in-summer-nature-walking-in-high-tatras.jpg?s=612x612&w=0&k=20&c=Q9FvL7lEZGCcWe1PND0G9M57OUyCY332-V8NGliG4_U=,hiking
https://www.shutterstock.com/image-photo/hiking-woman-on-high-altitude-260nw-2495042647.jpg,hiking
https://t3.ftcdn.net/jpg/01/48/12/66/360_F_148126681_z4va6TTWvkYZDO3bFGneD4BJ0yNJNxrC.jpg,hiking
https://thumbs.dreamstime.com/b/hiking-young-woman-sunny-day-high-mountains-33933566.jpg,hiking
https://images.pexels.com/photos/1271619/pexels-photo-1271619.jpeg?cs=srgb&dl=pexels-andreimike-1271619.jpg&fm=jpg,hiking
https://media.gettyimages.com/id/1361421117/photo/hiking-couple-climb-up-mountain-ridge.jpg?s=612x612&w=gi&k=20&c=LskoahH619_8rUOaUV55nULjSrqIHfcD5c6EDTWe5T4=,hiking
https://burst.shopifycdn.com/photos/nature-photographer-in-california-mountains.jpg?width=1000&format=pjpg&exif=0&iptc=0,hiking
https://st.depositphotos.com/2270781/2435/i/950/depositphotos_24359265-stock-photo-hiking-in-the-mountains.jpg,hiking
https://thumbs.dreamstime.com/b/hikers-people-hiking-healthy-active-lifestyle-hiker-beautiful-mountain-nature-landscape-woman-men-37883423.jpg,hiking
https://media.gettyimages.com/id/904172104/photo/weve-made-it-all-this-way-i-am-proud.jpg?s=612x612&w=gi&k=20&c=4v5eDfZYuB5LwKWS0ZWP_dIHrdC6es-kXrPO2JqcEqs=,hiking
https://plus.unsplash.com/premium_photo-1677002240252-af3f88114efc?fm=jpg&q=60&w=3000&ixlib=rb-4.0.3&ixid=M3wxMjA3fDB8MHxzZWFyY2h8MXx8aGlraW5nfGVufDB8fDB8fHww,hiking
https://www.shutterstock.com/image-photo/man-hiking-sunset-mountains-heavy-260nw-723981925.jpg,hiking
https://t3.ftcdn.net/jpg/02/79/12/64/360_F_279126480_SnYLQ4giezvQntosGqijPxvwIcaHLQAe.jpg,hiking
https://images.stockcake.com/public/e/2/d/e2d4e1aa-d776-4dc7-9629-39344cfa52cd_large/joyful-hiking-friends-stockcake.jpg,hiking
https://www.stockvault.net/data/2016/02/23/184786/preview16.jpg,hiking
https://media.istockphoto.com/id/1303216086/photo/young-couple-of-hikers-bound-up-ridge-together.jpg?s=612x612&w=0&k=20&c=-Q_DMng9mzoQT8MrfX6CrvTqGvxjIiVz2DR1SKrkjd4=,hiking
https://images.pexels.com/photos/1194235/pexels-photo-1194235.jpeg?cs=srgb&dl=pexels-ben-maxwell-479813-1194235.jpg&fm=jpg,hiking
https://st.depositphotos.com/1637787/3445/i/950/depositphotos_34455477-stock-photo-happy-couple-hiking.jpg,hiking
https://st.depositphotos.com/1637787/3445/i/950/depositphotos_34455477-stock-photo-happy-couple-hiking.jpg,hiking
https://c8.alamy.com/comp/HNMGTD/group-of-hikers-walking-in-the-nature-at-sunset-friends-on-mountain-HNMGTD.jpg,hiking
https://cdn6.dissolve.com/p/D145_295_764/D145_295_764_1200.jpg,hiking
https://burst.shopifycdn.com/photos/hiker-climbing-mountains.jpg?width=1000&format=pjpg&exif=0&iptc=0,hiking
https://previews.123rf.com/images/nd3000/nd30001904/nd3000190401467/121379910-group-of-happy-young-people-friends-hiking-together-outdoor.jpg,hiking
https://media.gettyimages.com/id/1511069617/photo/women-hikers-embracing-the-untamed-beauty-of-tasmania-through-exhilarating-bushwalking.jpg?s=612x612&w=gi&k=20&c=HUbxqu5pJfMy2wBgHxctnYZUGjElM8Q9xva7v8AQvFI=,hiking
https://theedenmagazine.com/wp-content/uploads/2024/06/Take-A-Hike-AdobeStock_448444473.jpg,hiking
https://c8.alamy.com/comp/ERBD68/older-woman-is-hiking-in-nature-ERBD68.jpg,hiking
https://cdn.pixabay.com/photo/2020/10/12/19/10/mountaineers-5649828_640.jpg,hiking
https://thumbs.dreamstime.com/b/people-hiking-norway-couple-man-woman-traveling-backpack-active-vacations-healthy-lifestyle-outdoor-mountains-350524026.jpg,hiking
https://freerangestock.com/sample/160041/woman-hiking-towards-mountain-under-cloudy-sky.jpg,hiking
https://st2.depositphotos.com/2069237/5288/i/950/depositphotos_52887017-stock-photo-celebrating-hiking-people-at-top.jpg,hiking
https://images.stockcake.com/public/e/f/0/ef0df416-e38e-40da-b559-34f47a53f691_large/kids-hiking-trail-stockcake.jpg,hiking
https://www.shutterstock.com/image-photo/two-tourists-walks-small-backpacks-600nw-2482553147.jpg,hiking
https://www.stockvault.net/data/2016/08/18/207762/preview16.jpg,hiking
https://previews.123rf.com/images/nd3000/nd30001906/nd3000190601133/124798438-young-man-traveling-with-backpack-hiking-in-mountains.jpg,hiking
https://burst.shopifycdn.com/photos/man-hiking-in-mountains.jpg?width=373&format=pjpg&exif=0&iptc=0,hiking
https://t3.ftcdn.net/jpg/02/96/46/88/360_F_296468884_UczFBUvubhtA7zx73epphJ8vCgtkYx9s.jpg,hiking
https://media.istockphoto.com/id/1285296688/photo/success-woman-hiker-hiking-on-sunrise-mountain-peak-young-woman-with-backpack-rise-to-the.jpg?s=612x612&w=0&k=20&c=Ec_7VXWgRCGQZU6BHQAIJNw5VFZjMkqKr1oMIT_bc9I=,hiking
https://thumbs.dreamstime.com/b/hiking-trail-svaneti-region-georgia-two-hikers-men-walk-trek-mountain-tourists-backpacks-hike-highlands-trekking-127694858.jpg,hiking
https://images.pexels.com/photos/868097/pexels-photo-868097.jpeg?cs=srgb&dl=pexels-ozgomz-868097.jpg&fm=jpg,hiking
https://c8.alamy.com/comp/M98819/austria-tyrol-young-man-hiking-in-the-mountains-M98819.jpg,hiking
https://c8.alamy.com/comp/M98819/austria-tyrol-young-man-hiking-in-the-mountains-M98819.jpg,hiking
https://media.gettyimages.com/id/1150320422/photo/couple-hiking-on-mountain-ridge-at-sunrise-smiling.jpg?s=612x612&w=gi&k=20&c=b7qXkdzv_4g1EzwFGrHzKmzZpLzD2yTwee-jbpbJBXA=,hiking
https://st2.depositphotos.com/7972026/11916/i/950/depositphotos_119166632-stock-photo-group-of-people-hiking.jpg,hiking
https://www.shutterstock.com/image-photo/portrait-black-man-hiking-forest-260nw-2260732379.jpg,hiking
https://media.istockphoto.com/id/1365386339/photo/group-of-cheerful-people-laughing-while-watching-movie-in-cinema.jpg?s=612x612&w=0&k=20&c=U2H41FD763dH37bXPV53MialUN4VwygJBBH8W6rAaoU=,movies
https://media.istockphoto.com/id/484072120/photo/young-couple-watching-a-film.jpg?s=612x612&w=0&k=20&c=-pq1Nr3jTiSi33w8jK9roOsDG76dUKKHuuPpndxHT4Q=,movies
https://media.istockphoto.com/id/824033280/photo/group-of-people-laughing-at-the-movie-theater.jpg?s=612x612&w=0&k=20&c=KGOgctC9GchqYOw_d6lvZbAkgheycLESna3dyF3NhBo=,movies
https://www.shutterstock.com/image-photo/group-people-enjoying-while-watching-260nw-2454926179.jpg,movies
https://media.gettyimages.com/id/1146822780/photo/surprised-young-man-drinking-soda-while-watching-movie-with-friend-in-cinema-hall.jpg?s=612x612&w=gi&k=20&c=7Asjc7sBvW36Wfr8M9uk36oLTnzgz54qZEuyCnhEJt0=,movies
https://media.istockphoto.com/id/1363352866/photo/friends-enjoying-a-comedy-movie-at-the-cinema.jpg?s=612x612&w=0&k=20&c=j95E4hnsXQ2OEtNfJx9ct2t1bo8mTvYwW2hicZVYl9Q=,movies
https://as1.ftcdn.net/jpg/02/43/62/78/1000_F_243627831_mZP0TwkljMspNOW8zxMsSvWJhLi749ig.jpg,movies
https://media.istockphoto.com/id/1052501724/photo/couple-in-love-hugging-at-cinema.jpg?s=612x612&w=0&k=20&c=ZxwGa3rQuxJAFWl1qsFE6dak_01b_aJY3W7WdArOjrs=,movies
https://thumbs.dreamstime.com/b/scary-movies-cinema-what-movie-shot-young-scared-women-hiding-her-face-behind-her-hands-horror-movie-76227063.jpg,movies
https://c8.alamy.com/comp/DCW4NC/people-at-the-cinema-DCW4NC.jpg,movies
https://media.istockphoto.com/id/1478374885/photo/joyful-family-watching-movie-in-cinema.jpg?s=612x612&w=0&k=20&c=U0Qp-c2vCTUPG51ZOD2H7KcrByyBKow3r9wSR2QMFZU=,movies
https://media.istockphoto.com/id/1458636959/photo/gay-couple-watching-3d-movie.jpg?s=612x612&w=0&k=20&c=fGabzGXl6toZ8yJKKW_vToUeaZC8nnTee7kQDXgWmYI=,movies
https://media.gettyimages.com/id/1340577488/photo/girl-enjoying-watching-a-nice-movie-at-the-cinema.jpg?s=612x612&w=gi&k=20&c=EdFZb_nGRVIXNqegYHdeXTaJEzz-fI3Je979i8CW6-k=,movies
https://www.shutterstock.com/image-photo/people-watching-movie-cinema-they-600nw-2465961239.jpg,movies
https://media.gettyimages.com/id/1281543304/photo/young-woman-enjoying-watching-movie-at-the-cinema.jpg?s=612x612&w=gi&k=20&c=E8YzyRtjVcWqDeRb5dIAvKuSjsPfFVdkSNRTsIb1wto=,movies
https://st3.depositphotos.com/1662991/16155/i/1600/depositphotos_161558862-stock-photo-people-at-movie-theater.jpg,movies
https://thumbs.dreamstime.com/b/cinema-19385515.jpg,movies
https://media.istockphoto.com/id/957023718/photo/anxious-audience-waiting-for-the-curtains-to-open-to-see-the-performance.jpg?s=612x612&w=0&k=20&c=n6_Sbo40UHp7iO1s4Yhvuc0SCS9BqdMaNbxj8wA-S7Y=,movies
https://media.gettyimages.com/id/1458636655/photo/mother-and-daughter-smiling-at-the-cinema.jpg?s=612x612&w=gi&k=20&c=T8wEWFitF_WLz3TNTOmYlj00euVVibBNNC1kzq3GSk8=,movies
https://www.shutterstock.com/image-photo/cinema-blank-wide-screen-people-600w-2314929885.jpg,movies
https://c8.alamy.com/comp/HPR755/our-weekend-tradition-young-happy-people-smiling-joyfully-while-watching-HPR755.jpg,movies
https://media.istockphoto.com/id/507898083/photo/people-at-the-cinema.jpg?s=612x612&w=0&k=20&c=MjTF4MiQkGZUi0a5YgfGcR3UncLPTirrtyi5UIDQU14=,movies
https://media.gettyimages.com/id/1849211977/photo/kyiv-ukraine-viewers-watch-the-documentary-crimean-caravan-by-ainur-koskina-at-the-lyra-movie.jpg?s=612x612&w=gi&k=20&c=m_ZmVblFvtf2u7pIGa-AenZy2yIMvt4rhbA3GDnllMk=,movies
https://c8.alamy.com/comp/2H281M7/young-people-watching-movie-in-cinema-theatre-2H281M7.jpg,movies
https://c8.alamy.com/comp/2H281M7/young-people-watching-movie-in-cinema-theatre-2H281M7.jpg,movies
https://st3.depositphotos.com/1177973/18033/i/1600/depositphotos_180338414-stock-photo-young-people-watching-movie-cinema.jpg,movies
https://media.istockphoto.com/id/1799049077/photo/young-couple-laughing-while-watching-comedy-movie-in-cinema.jpg?s=612x612&w=0&k=20&c=eNloAaL-nwMsKYCXF2bfBHNZzloHWIlWCSrgJjV4BAw=,movies
https://c8.alamy.com/comp/P728MC/people-standing-in-a-line-outside-of-a-movie-theater-waiting-to-get-in-P728MC.jpg,movies
https://thumbs.dreamstime.com/z/people-3d-movie-theater-24812883.jpg,movies
https://media.gettyimages.com/id/1458636703/photo/people-watching-at-the-cinema.jpg?s=612x612&w=gi&k=20&c=S_anYUYs2PJ2tuUxug_ovrn5T2JKR9WIlS7xPy-jUSU=,movies
https://media.istockphoto.com/id/1281543294/photo/african-american-couple-on-a-date-watching-a-movie-at-the-cinema.jpg?s=612x612&w=0&k=20&c=ioNTpmklUODL84GgjLecyNgNJodn7YuayrYY83zccuQ=,movies
https://thumbs.dreamstime.com/b/cinema-empty-screen-audience-blurred-people-silhouettes-watching-movie-performance-copy-space-people-cinema-auditorium-140187349.jpg,movies
https://c8.alamy.com/comp/EGPKE3/young-people-watching-a-movie-at-the-cinema-EGPKE3.jpg,movies
https://media.gettyimages.com/id/148000901/photo/people-watching-a-movie-at-a-theater.jpg?s=612x612&w=gi&k=20&c=Yok5eugcAMbEgbZtizrsg0PKO3INaRsf7NfUU6rvnNk=,movies
https://filmsupply-files.s3.amazonaws.com/fs/files/production/clip_th/1938421/2-h.484.DkXtuyw9tQSLBXB9qSge78Ll7NSUHHGhn4zHKNAF.jpg,movies
https://images.pexels.com/photos/7234265/pexels-photo-7234265.jpeg?auto=compress&cs=tinysrgb&w=1260&h=750&dpr=1,movies
https://i.pinimg.com/736x/0d/e5/e7/0de5e788079691ce0ee2ca1682bb8944.jpg,movies
https://as2.ftcdn.net/jpg/03/76/52/01/1000_F_376520100_Ks193I9tgvCWw3kO7918c5lgq3q3oEty.jpg,movies
https://c8.alamy.com/comp/BH3B94/paris-france-people-at-the-movies-outside-cinema-theater-gaumont-champs-BH3B94.jpg,movies
https://st2.depositphotos.com/29490188/44383/i/450/depositphotos_443837740-stock-photo-stylish-young-woman-in-3d.jpg,movies
https://previews.123rf.com/images/deklofenak/deklofenak1104/deklofenak110400129/9405192-attractive-people-are-watching-movies-in-cinema.jpg,movies
https://media.gettyimages.com/id/1399612789/photo/shocked-woman-watching-movie-at-theater.jpg?s=612x612&w=gi&k=20&c=m8jijkSQk2OGnpJqZi-NY4B9gDjI0ab5A3zS_Ffj_pU=,movies
https://media.istockphoto.com/id/453554783/photo/empty-cinema-screen-with-audience.jpg?s=612x612&w=0&k=20&c=SbWVl54ZsqfxRblUeVfL7Zhk58WQRedJsCrssr1qJj0=,movies
https://c8.alamy.com/comp/2WJ5WAK/popcorn-and-drinking-glass-a-companion-item-of-people-for-watching-movies-in-the-cinema-2WJ5WAK.jpg,movies
https://image1.masterfile.com/getImage/NjkzLTA2MDE3MjIwZW4uMDAwMDAwMDA=AKjV3B/693-06017220en_Masterfile.jpg,movies
https://thumbs.dreamstime.com/b/cinema-19461029.jpg,movies
https://c8.alamy.com/comp/A7DRMA/paris-france-large-crowd-teens-waiting-outside-movie-theater-marquee-A7DRMA.jpg,movies
https://previews.123rf.com/images/pitinan/pitinan2002/pitinan200200232/140341127-people-audience-watching-movie-in-the-movie-theater-cinema-group-recreation-activity-and.jpg,movies
https://previews.123rf.com/images/pitinan/pitinan2002/pitinan200200232/140341127-people-audience-watching-movie-in-the-movie-theater-cinema-group-recreation-activity-and.jpg,movies
https://static1.bigstockphoto.com/4/0/4/large1500/404478383.jpg,movies
https://media.istockphoto.com/id/1594228594/photo/close-up-image-of-a-young-creative-artists-hands-smeared-with-watercolors-holding-a-spatula.jpg?s=612x612&w=0&k=20&c=G-bXSkCLcgiaEkmD-GGe48TsrF0l6X2ebg-zAjtEFcA=,painting
https://media.istockphoto.com/id/1183183783/photo/female-artist-works-on-abstract-oil-painting-moving-paint-brush-energetically-she-creates.jpg?s=612x612&w=0&k=20&c=JLPrSmpdzPklAVKycBJ83oPASPfFPS46XvN0TShfLwI=,painting
https://t4.ftcdn.net/jpg/00/62/65/29/360_F_62652907_dZgAPIdcVKu8DPCeUPvLRCb9JdHrnpVG.jpg,painting
https://media.istockphoto.com/id/636761588/photo/used-brushes-on-an-artists-palette-of-colorful-oil-paint.jpg?s=612x612&w=0&k=20&c=38YQxVJVWnNfvGtlb7AXMx_ItyHZMEdmWenNkWNQ91g=,painting
https://www.shutterstock.com/shutterstock/photos/2253572431/display_1500/stock-photo-african-american-woman-artist-smiling-confident-drawing-at-art-studio-2253572431.jpg,painting
https://t3.ftcdn.net/jpg/02/69/00/62/360_F_269006287_UOjqqlydfZpqlXB4tSxLZGXI0MXhHytb.jpg,painting
https://media.istockphoto.com/id/1190200652/photo/the-painter-hands.jpg?s=612x612&w=0&k=20&c=ejXBjL330H0_i7O90UaRnMqP2G-ZQLgI4XBeXxweWss=,painting
https://images.pexels.com/photos/102127/pexels-photo-102127.jpeg?cs=srgb&dl=pexels-daiangan-102127.jpg&fm=jpg,painting
https://cdn.pixabay.com/photo/2015/08/28/11/37/painting-911804_1280.jpg,painting
https://media.istockphoto.com/id/577949148/photo/vintage-stylized-photo-of-paintbrushes-closeup-and-artist-palett.jpg?s=612x612&w=0&k=20&c=8fuPBz7S5wGDOMix0t0ubL0578WpIslf8INTDYBQU4Y=,painting
https://t4.ftcdn.net/jpg/04/48/77/29/360_F_448772999_4KvKOwVaIEAtBPWdsDT39xX7Zyk0kTld.jpg,painting
https://media.istockphoto.com/id/1402900288/photo/retired-pensioner-painting-for-therapy.jpg?s=612x612&w=0&k=20&c=6LKaKHOOkvBqVqpnB7S21KDhnL02btl2REIXqyF4ruI=,painting
https://c8.alamy.com/comp/J55MW9/artistic-painter-looks-through-a-magnifying-glass-isolated-on-white-J55MW9.jpg,painting
https://t3.ftcdn.net/jpg/02/03/81/56/360_F_203815639_SpSndCmORwIU89gOWcLvdxRKreD6B3HT.jpg,painting
https://media.istockphoto.com/id/1304289911/photo/my-vision-of-female-face.jpg?s=612x612&w=0&k=20&c=PqJ9iL628RILnaVYcCWSFqLj4IxVR7826Lt9t8FknOo=,painting
https://media.gettyimages.com/id/1382832652/photo/afro-female-fine-artist-with-traditional-african-hat-and-apron-drawing-in-art-studio.jpg?s=612x612&w=gi&k=20&c=03OS0_KPH2ahVn4M85sFARAWK1oN8cpzWSlWAT8lIp8=,painting
https://images.pexels.com/photos/1047540/pexels-photo-1047540.jpeg?cs=srgb&dl=pexels-steve-1047540.jpg&fm=jpg,painting
https://media.istockphoto.com/id/1203626601/photo/artist-painting.jpg?s=612x612&w=0&k=20&c=-kseQCVRlF2JqJNb5zmATfsrGUjQ24dyinpb96YB7zE=,painting
https://previews.123rf.com/images/ljupco/ljupco1606/ljupco160600016/57736113-young-focused-artist-painting-on-a-canvas-isolated-on-white-background.jpg,painting
https://t4.ftcdn.net/jpg/04/48/77/29/360_F_448772985_m27ElmCFlqzL7d7tfwlSRNpnU6k7MA7l.jpg,painting
https://c8.alamy.com/comp/KE79JJ/female-artist-painting-in-art-studio-KE79JJ.jpg,painting
https://cdn.pixabay.com/photo/2018/02/04/09/09/brushes-3129361_640.jpg,painting
https://www.shutterstock.com/image-photo/art-creativity-people-concept-close-260nw-1024133086.jpg,painting
https://st3.depositphotos.com/12982378/18168/i/1600/depositphotos_181685806-stock-photo-smiling-handsome-man-painting-wall.jpg,painting
https://st3.depositphotos.com/12982378/18168/i/1600/depositphotos_181685806-stock-photo-smiling-handsome-man-painting-wall.jpg,painting
https://t4.ftcdn.net/jpg/01/78/54/25/360_F_178542579_QT5HuulpVUSvuOYrxFoDVWOKLzoNg1px.jpg,painting
https://thumbs.dreamstime.com/b/beautiful-young-woman-relaxing-painting-art-canvas-outdoors-her-garden-mindfulness-therapy-creativity-concept-222502033.jpg,painting
https://previews.123rf.com/images/pressmaster/pressmaster1505/pressmaster150500181/39635412-young-artist-looking-at-camera-on-background-of-his-painting.jpg,painting
https://images.pexels.com/photos/8036838/pexels-photo-8036838.jpeg?auto=compress&cs=tinysrgb&w=1260&h=750&dpr=1,painting
https://img3.stockfresh.com/files/i/iofoto/m/62/32262_stock-photo-happy-woman-painting.jpg,painting
https://c8.alamy.com/comp/EA09K5/female-artist-painting-at-easel-EA09K5.jpg,painting
https://thumbs.dreamstime.com/b/children-painting-finger-easel-group-kids-teacher-girl-boy-learn-paint-class-school-child-picture-background-97201182.jpg,painting
https://st3.depositphotos.com/1007011/14427/i/450/depositphotos_144276885-stock-photo-real-female-painting-wall.jpg,painting
https://media.gettyimages.com/id/1321486723/photo/japanese-man-spending-weekend-morning-painting-in-his-bedroom-at-home.jpg?s=612x612&w=gi&k=20&c=3XJUvsdMrjmMgJTtSmoVgG29e7i1fNsRlHqLxFSuPHY=,painting
https://cdn6.dissolve.com/p/D985_58_194/D985_58_194_1200.jpg,painting
https://images.pexels.com/photos/1266808/pexels-photo-1266808.jpeg?cs=srgb&dl=pexels-steve-1266808.jpg&fm=jpg,painting
https://st2.depositphotos.com/1017228/9371/i/450/depositphotos_93712672-stock-photo-paintbrush-in-woman-hands-mixing.jpg,painting
https://thumbs.dreamstime.com/b/colorful-abstract-acrylic-painting-natural-dynamic-mixture-colors-flow-background-30555980.jpg,painting
https://c8.alamy.com/comp/FKG2CJ/professional-artist-painting-a-picture-on-canvas-FKG2CJ.jpg,painting
https://media.gettyimages.com/id/10185512/photo/artist-throwing-paint-at-canvas.jpg?s=612x612&w=gi&k=20&c=HjND1lwPFHKBsO-m6XNHloqVb1JZ64h3qa5Go49yF6Y=,painting
https://previews.123rf.com/images/ljupco/ljupco1810/ljupco181000279/110998582-happy-man-painting-on-a-canvas.jpg,painting
https://www.shutterstock.com/shutterstock/videos/3733028619/thumb/1.jpg?ip=x480,painting
https://static2.bigstockphoto.com/3/3/1/large1500/1337877.jpg,painting
https://images.pexels.com/photos/7031624/pexels-photo-7031624.jpeg?auto=compress&cs=tinysrgb&dpr=1&w=341.25&fit=crop&h=552.5,painting
https://st2.depositphotos.com/5586578/10520/i/950/depositphotos_105208868-stock-photo-creative-happy-painter-paints-a.jpg,painting
https://thumbs.dreamstime.com/b/team-professional-painters-uniform-painting-white-wall-empty-room-paint-roller-building-contractors-doing-repair-345139541.jpg,painting
https://freerangestock.com/sample/131133/painting-with-brush-.jpg,painting
https://media.istockphoto.com/id/938119364/photo/woman-painting.jpg?s=612x612&w=0&k=20&c=JKFJGiLlrK9gHKvwxSXRFjYLnvg7ArZBZw8bP8s6RJ8=,painting
https://media.istockphoto.com/id/938119364/photo/woman-painting.jpg?s=612x612&w=0&k=20&c=JKFJGiLlrK9gHKvwxSXRFjYLnvg7ArZBZw8bP8s6RJ8=,painting
https://media.gettyimages.com/id/185002384/photo/house-painter-standing-on-ladder-painting-a-large-wall.jpg?s=612x612&w=gi&k=20&c=FRRQmOe-P6XV_2S05H_pKHRizpq52IsunrxtZzJ1CYw=,painting
https://media.istockphoto.com/id/985041468/photo/modeling-on-a-potters-wheel.jpg?s=612x612&w=0&k=20&c=GL8--f0_STRdNNmCOe73AdM8LWq38G0Tn9jRPM1Ct8w=,pottery class
https://media.istockphoto.com/id/894870474/photo/two-women-at-a-pottery-workshop-making-clay-pots.jpg?s=612x612&w=0&k=20&c=6SJuo_uRLPJ3aD9YRHt8zJqcE1CO-vbBtjVgOlzoEq4=,pottery class
https://media.gettyimages.com/id/1094970614/photo/two-people-creating-pottery.jpg?s=612x612&w=gi&k=20&c=h_lsjGQJgf7qgoQD9Pkmmv5CjCqThgNP99i6mkVGTlY=,pottery class
https://media.istockphoto.com/id/1884825617/photo/pottery-teacher-teaching-student-at-a-ceramics-workshop.jpg?s=612x612&w=0&k=20&c=_JjZpDBW60UMDTGQ31BapektHeBEaR6qpsd8LnXsnhE=,pottery class
https://media.gettyimages.com/id/1320126006/photo/young-woman-instructor-teaching-a-man-to-do-pottery-using-a-pottery-wheel-on-a-workshop.jpg?s=612x612&w=gi&k=20&c=zalQhsf4Rn-w2NuDqV7n2qci6TACOHPk3_SKC7aTZKI=,pottery class
https://images.stockcake.com/public/f/5/d/f5dcba7e-e820-42bf-96d9-5111497c7e43_large/pottery-class-activity-stockcake.jpg,pottery class
https://c8.alamy.com/comp/HG4HXD/senior-man-with-teacher-in-pottery-class-HG4HXD.jpg,pottery class
https://media.gettyimages.com/id/1357967978/photo/happy-group-of-people-in-a-pottery-class.jpg?s=612x612&w=gi&k=20&c=o2jx7hxZepqPBgX_OIGCCYU5CUKGNBqWnW3oc26S1vI=,pottery class
https://t4.ftcdn.net/jpg/04/14/13/11/360_F_414131198_QU7QwNchV2tMWPev1eF7KubRl0LZXqSn.jpg,pottery class
https://media.istockphoto.com/id/1133964549/photo/trainees-molding-mud-in-pottery-workshop.jpg?s=612x612&w=0&k=20&c=2_uFVSp6qkJJ8ZBhzpb4eNY_lqqZqWi3E1wAZbCCsQY=,pottery class
https://www.shutterstock.com/image-photo/portrait-multicultural-pottery-course-attendees-600nw-2480656295.jpg,pottery class
https://media.gettyimages.com/id/1439309211/photo/middle-aged-people-in-a-pottery-class.jpg?s=612x612&w=gi&k=20&c=vZciZP0vwHTkE8cxIFFdvg-T2bbYeVBZAQf4qjLA3ts=,pottery class
https://previews.123rf.com/images/gstockstudio/gstockstudio1610/gstockstudio161000494/65334862-passing-on-pottery-skills-cheerful-young-man-and-little-boy-making-ceramic-pot-on-the-pottery-class.jpg,pottery class
https://c8.alamy.com/comp/WXRA7G/senior-woman-spinning-clay-on-a-wheel-with-a-help-of-a-teacher-at-pottery-class-WXRA7G.jpg,pottery class
https://s3.envato.com/files/502279887/22-02-2024%20-%20SASKA%20CERAMICS%20RADIONICA%20ZT8_5182.jpg,pottery class
https://www.shutterstock.com/image-photo/creating-ceramic-bowl-by-yourself-260nw-2495863893.jpg,pottery class
https://media.istockphoto.com/id/1884847089/photo/senior-woman-on-pottery-class-at-a-ceramics-workshop.jpg?s=612x612&w=0&k=20&c=sISlRYqH0ViuzLNW-7jv4leJDDANE8QLovyeh5AjpqM=,pottery class
https://previews.123rf.com/images/boggy22/boggy221909/boggy22190900558/131588254-senior-woman-spinning-clay-on-a-wheel-with-a-help-of-a-teacher-at-pottery-class.jpg,pottery class
https://images.stockcake.com/public/b/b/4/bb4f4881-8e82-4a0b-815c-ee9ec1f1f424_large/kids-creating-pottery-stockcake.jpg,pottery class
https://www.shutterstock.com/image-photo/female-hands-forming-plate-wet-600nw-2551918429.jpg,pottery class
https://plus.unsplash.com/premium_photo-1706115464365-a82276f7e7b4?fm=jpg&q=60&w=3000&ixlib=rb-4.0.3&ixid=M3wxMjA3fDB8MHxzZWFyY2h8MXx8cG90dGVyeSUyMGNsYXNzfGVufDB8fDB8fHww,pottery class
https://as2.ftcdn.net/jpg/05/31/87/99/1000_F_531879934_Vn8FbIVgHNrqAQvPaqvfNzLPxO8rTHJx.jpg,pottery class
https://media.gettyimages.com/id/1411992947/photo/senior-woman-artist-making-clay-bowl-on-pottery-wheel-in-pottery-studio.jpg?s=612x612&w=gi&k=20&c=KAZSp4p8HwUsjRCZmQPuXGloZyr4TTiCqTvwXuleGKk=,pottery class
https://previews.123rf.com/images/seventyfour74/seventyfour741903/seventyfour74190300485/118890802-pottery-class-for-kids.jpg,pottery class
https://previews.123rf.com/images/seventyfour74/seventyfour741903/seventyfour74190300485/118890802-pottery-class-for-kids.jpg,pottery class
https://c8.alamy.com/comp/WBCB3E/professional-african-american-male-potter-painting-ceramic-pot-in-pottery-workshop-WBCB3E.jpg,pottery class
https://s3.envato.com/files/502775252/22-02-2024%20-%20SASKA%20CERAMICS%20RADIONICA%20ZT8_5821.jpg,pottery class
https://media.istockphoto.com/id/1884498371/photo/senior-woman-making-a-craft-product-on-a-ceramics-workshop.jpg?s=612x612&w=0&k=20&c=qXomovViTQSVIXkm3E_J2weyEjjZFN6J4ooXestncaM=,pottery class
https://thumbs.dreamstime.com/b/couple-enjoying-art-class-pottery-studio-together-warm-toned-portrait-smiling-multirational-couple-enjoying-art-class-260871641.jpg,pottery class
https://st3.depositphotos.com/2931363/12878/i/950/depositphotos_128787910-stock-photo-father-and-son-making-ceramic.jpg,pottery class
https://as2.ftcdn.net/jpg/04/55/45/75/1000_F_455457575_uLM2EwZw6Jkcg1tXmjPYEWDzwqFwSQEp.jpg,pottery class
https://media.istockphoto.com/id/1072979420/photo/small-group-of-young-people-creating-pottery.jpg?s=612x612&w=0&k=20&c=ejsc3GybNj7T2NEHNMTTaOXlouKE--KCo72BuJikzKE=,pottery class
https://plus.unsplash.com/premium_photo-1661380954234-13d98a83577c?fm=jpg&q=60&w=3000&ixlib=rb-4.0.3&ixid=M3wxMjA3fDB8MHxzZWFyY2h8MXx8cG90dGVyeXxlbnwwfHwwfHx8MA%3D%3D,pottery class
https://media.gettyimages.com/id/103056384/photo/student-working-with-clay-in-classroom.jpg?s=612x612&w=gi&k=20&c=_UrNAWg3PhGWioU_JhSNjjU10ijZWPiKaty5GujdCYg=,pottery class
https://thumbs.dreamstime.com/b/children-enjoying-art-class-painting-ceramic-heart-ornaments-concept-creativity-childhood-activities-group-fun-356353408.jpg,pottery class
https://st3.depositphotos.com/1022135/32080/i/450/depositphotos_320800374-stock-photo-senior-woman-spinning-clay-wheel.jpg,pottery class
https://st5.depositphotos.com/1003713/66422/i/1600/depositphotos_664226422-stock-photo-pottering-son-confident-young-man.jpg,pottery class
https://images.pexels.com/photos/12165832/pexels-photo-12165832.jpeg?auto=compress&cs=tinysrgb&w=1260&h=750&dpr=1,pottery class
https://images.pexels.com/photos/3965526/pexels-photo-3965526.jpeg?auto=compress&cs=tinysrgb&w=1260&h=750&dpr=1,pottery class
https://images.stockcake.com/public/1/b/7/1b7bfb22-8974-4149-ba76-00d76999c8b9_large/pottery-class-activity-stockcake.jpg,pottery class
https://www.shutterstock.com/image-photo/pottery-lesson-master-class-kids-600nw-2443277333.jpg,pottery class
https://media.gettyimages.com/id/1412636572/photo/two-young-women-friends-enjoying-hand-clay-molding-on-pottery-wheel-workshop.jpg?s=612x612&w=gi&k=20&c=J8s1Gb8HpxdvY1pJMZ-zukmre9frsyQljEkdNwBB-QM=,pottery class
https://i0.wp.com/artinthebarn.life/wp-content/uploads/2024/06/mommy-and-me-stock-pottery-photo.jpg?fit=1178%2C1353&ssl=1,pottery class
https://c8.alamy.com/comp/HNWFRN/mature-couple-with-teacher-in-pottery-class-HNWFRN.jpg,pottery class
https://media.istockphoto.com/id/1884766436/photo/pottery-teacher-teaching-her-student-at-a-ceramics-workshop.jpg?s=612x612&w=0&k=20&c=K_ovvYvZW-1y7muVYJRUT3cdEmpiYv0dN_OYI9nSV-c=,pottery class
https://previews.123rf.com/images/boggy22/boggy221801/boggy22180101112/94715290-young-man-making-and-decorating-pottery-in-workshop.jpg,pottery class
https://thumbs.dreamstime.com/b/year-old-boy-studying-pottery-clay-modeling-master-class-carpathians-ukraine-year-old-boy-studying-pottery-clay-modeling-216737745.jpg,pottery class
https://images.stockcake.com/public/0/f/6/0f669c9b-b807-4509-9f6c-d1fa96551456_large/joyful-pottery-class-stockcake.jpg,pottery class
https://s3.envato.com/files/502775288/22-02-2024%20-%20SASKA%20CERAMICS%20RADIONICA%20ZT8_6489.jpg,pottery class
https://media.gettyimages.com/id/1293895976/photo/attention-to-detail-makes-all-the-difference.jpg?s=612x612&w=gi&k=20&c=jsuN_alLPRW85rr3Ce1tOD8EOLhEK35TY2_DBwLhaKM=,pottery class
https://media.istockphoto.com/id/465383082/photo/female-swimmer-at-the-swimming-pool.jpg?s=612x612&w=0&k=20&c=tcTwN2rTvUBK4wddan_GUCxrXX6bBoU-hyrVMvmT0BM=,swimming
https://images.pexels.com/photos/1263348/pexels-photo-1263348.jpeg?cs=srgb&dl=pexels-jim-de-ramos-395808-1263348.jpg&fm=jpg,swimming
https://media.istockphoto.com/id/1450934188/photo/teenage-boy-swimming-crawl-in-pool.jpg?s=612x612&w=0&k=20&c=6_peUB3I2DHyxyT2c9QTAFDgBFEMUqcorRkkFB5Se5U=,swimming
https://images.pexels.com/photos/863988/pexels-photo-863988.jpeg?cs=srgb&dl=pexels-ajaybhargavguduru-863988.jpg&fm=jpg,swimming
https://media.istockphoto.com/id/1132353492/photo/child-learning-to-swim-kids-in-swimming-pool.jpg?s=612x612&w=0&k=20&c=y6AWbZA5AOlVHXA7sO9uHfe5HDQp2z76ZvrU0spZWmw=,swimming
https://media.istockphoto.com/id/1081891908/photo/little-boy-swimming-crawl-in-pool.jpg?s=612x612&w=0&k=20&c=_3GmzSiIMtqgcPWi2zsz58nBhUQEiEuJSZN61voNeVo=,swimming
https://t3.ftcdn.net/jpg/01/43/77/72/360_F_143777213_rygDL4sjci25AbaufYjkMfsf4jAaAmar.jpg,swimming
https://media.gettyimages.com/id/82726781/photo/swimmer-performing-butterfly-stroke.jpg?s=612x612&w=gi&k=20&c=PGqL4tzLpUrTK3NgpXGisZZh4TNjjpo1TXbzENZYs50=,swimming
https://thumbs.dreamstime.com/b/woman-swimming-underwater-pool-17601041.jpg,swimming
https://st2.depositphotos.com/1003580/9950/i/950/depositphotos_99503184-stock-photo-happy-kids-enjoying-swimming.jpg,swimming
https://image.shutterstock.com/image-photo/dumbbell-training-mature-man-swimming-260nw-2499118725.jpg,swimming
https://media.istockphoto.com/id/172339615/photo/swimmer.jpg?s=612x612&w=0&k=20&c=huApx630f-6OJcVLK3zqxQVM0iuqCh_tVMphK0JUoJk=,swimming
https://images.pexels.com/photos/1415810/pexels-photo-1415810.jpeg?auto=compress&cs=tinysrgb&dpr=1&w=500,swimming
https://static2.bigstockphoto.com/7/5/1/large1500/15707984.jpg,swimming
https://static9.depositphotos.com/1594308/1163/i/450/depositphotos_11635045-stock-photo-family-on-matress.jpg,swimming
https://t3.ftcdn.net/jpg/01/01/35/48/360_F_101354877_HTDiO6GwD9xi62BOGKOGwZnEQBibbMlj.jpg,swimming
https://cms-artifacts.artlist.io/content/motion-array/412483/Girl_Outside_A_Swimming_Pool_high_resolution_preview_412483.jpg?Expires=2036680559780&Key-Pair-Id=K2ZDLYDZI2R1DF&Signature=jH8iBPHbh1uMhmYxlCVVymrm--G6U8Olv-l1G3lMyVifesfGfB0bRYTnW2DTm9RMGhfdfjHstO5RNota1nxRNltRWp9DEFJGdrtmxI28jL61Jc2hSd85WKGLNKkNM21AOWZIo0fSDyEO8aaL1O0~haU~2nLuYiqlWKpDt6T-kMVhfTHA0vtLoAtHtYhk6zMdNRCQWVq2Rs-2PqlWmp2iZtSHglIqQQ9B5YfxxoQaAQSWltYPxid9aqY9sU2fY2ocprFJlDTXbAMHnQmBtq6Tt-VSjkpT8sMbFJaSgkwzS0ZrW8bKzcfVvwmwQybdUeYkM0J1YvA0nEuoL8~aSgQGXw__,swimming
https://thumbs.dreamstime.com/b/black-girl-diving-swimming-pool-vacation-76419783.jpg,swimming
https://previews.123rf.com/images/aquafun/aquafun1603/aquafun160300059/56558273-woman-swimming-underwater.jpg,swimming
https://plus.unsplash.com/premium_photo-1664475361436-e37f6f2ba407?fm=jpg&q=60&w=3000&ixlib=rb-4.0.3&ixid=M3wxMjA3fDB8MHxzZWFyY2h8MXx8c3dpbW1pbmd8ZW58MHx8MHx8fDA%3D,swimming
https://image.shutterstock.com/image-photo/aerial-top-view-male-swimmer-260nw-2025637421.jpg,swimming
https://media.istockphoto.com/id/622003802/photo/fit-swimmer-training-in-the-pool.jpg?s=612x612&w=0&k=20&c=iVJw5ofxTcqYuZ2oliYr8OMoW2FoJFr8B7S28HYUXsg=,swimming
https://azlmsc.org/wp-content/uploads/2018/11/UCSD-Swimming-stock-by-Mike-Lewis-MJL_7121.jpg,swimming
https://cms-artifacts.artlist.io/content/motion-array/405070/Little_Girl_In_A_Swimming_Pool_high_resolution_preview_405070.jpg?Expires=2036676907713&Key-Pair-Id=K2ZDLYDZI2R1DF&Signature=ovv0FCMBymNVEjFAFZMoLGC1skoO2OcY5eAZfdBEtlHQOm~J8KpdZG3BK2GzFTWNmhAIAsaHlrKrG7YSke2~UrRafuVCahUvF~iFaF~ILH2-6wo~UGbZx0S1pRgW1sorOjUNeAcfe9P45yJIe0RkNTfP9lNMKUDrjmLEH7nEh2Hbh9XeqySaWENlWAbh6e4UOOp7Pau0jORuOTDkpamSvkcvM6wvbMsiPzthGIA~qjJ1mPU~b09mj4mMZ4PPVoc97QsFNXPg2xy0kDSg1JflS0kINY9CypLVQ3SamiGBoIk~Dy8~QuqecjCk8VQfDN8n8Rtcw-tsoJb-WmnbiAjvsg__,swimming
https://static8.depositphotos.com/1437210/901/i/450/depositphotos_9015455-stock-photo-diving.jpg,swimming
https://media.gettyimages.com/id/459214425/photo/perfect-butterfly-stroke.jpg?s=612x612&w=gi&k=20&c=qVPwWvTg-Zf1ZuLl9JcGNSI4yldvyYC1_ZC-AlPfRdU=,swimming
https://img3.stockfresh.com/files/l/len44ik/m/25/4571397_stock-photo-cute-little-girl-in-swimming-pool.jpg,swimming
https://t3.ftcdn.net/jpg/00/02/65/84/360_F_2658458_Y2qoPVbiJuVciAvN74tVFLaprFldXC.jpg,swimming
https://previews.123rf.com/images/microgen/microgen1602/microgen160200024/52980978-free-style-swimming.jpg,swimming
https://static3.bigstockphoto.com/5/6/2/large1500/265465765.jpg,swimming
https://thumbs.dreamstime.com/b/girl-lilo-swimming-pool-20337385.jpg,swimming
https://media.istockphoto.com/id/1485454176/photo/little-girl-swimming-freestyle-in-a-swimming-pool.jpg?s=612x612&w=0&k=20&c=bReMs-lw0EZkqiLwqWlmmii7MtNJZ4esYG0iysmi1ls=,swimming
https://c8.alamy.com/comp/2E143HP/sporty-female-swimmer-in-pool-2E143HP.jpg,swimming
https://images.pexels.com/photos/711187/pexels-photo-711187.jpeg?cs=srgb&dl=pexels-heart-rules-1656004-711187.jpg&fm=jpg,swimming
https://www.shutterstock.com/image-photo/little-girl-deftly-swim-underwater-260nw-657728251.jpg,swimming
https://img3.stockfresh.com/files/l/len44ik/m/62/4566669_stock-photo-cute-little-girl-in-swimming-pool.jpg,swimming
https://t3.ftcdn.net/jpg/01/00/52/40/360_F_100524021_ELVQKKtDvutmHu4sTkBNK4bfDPZKn4vs.jpg,swimming
https://static3.bigstockphoto.com/7/6/2/large1500/267125512.jpg,swimming
https://thumbs.dreamstime.com/b/senior-man-swimming-blue-ocean-health-activity-concept-senior-man-swimming-blue-ocean-health-activity-126005005.jpg,swimming
https://previews.123rf.com/images/serezniy/serezniy1809/serezniy180903599/109039515-little-girl-in-swimming-pool-on-sunny-day.jpg,swimming
https://media.gettyimages.com/id/517381843/photo/woman-swimming-freestyle.jpg?s=612x612&w=gi&k=20&c=Ne0QDoI_87YoeXJvxKBmWm5R5xKdH_xqX0zXK7iNz-s=,swimming
https://media.istockphoto.com/id/1364551940/photo/happy-senior-woman-in-swimming-pool-leaning-on-edge.jpg?s=612x612&w=0&k=20&c=X-uvfEKk3K-A40ErGfeuaqK6B9fri6qJtsBhbNBBLiY=,swimming
https://static6.depositphotos.com/1018414/558/i/450/depositphotos_5588990-stock-photo-little-girl-swimming-in-water.jpg,swimming
https://images.unsplash.com/photo-1470376619031-a6791e534bf0?fm=jpg&q=60&w=3000&ixlib=rb-4.0.3&ixid=M3wxMjA3fDB8MHxzZWFyY2h8N3x8c3dpbW1pbmd8ZW58MHx8MHx8fDA%3D,swimming
https://images.unsplash.com/photo-1470376619031-a6791e534bf0?fm=jpg&q=60&w=3000&ixlib=rb-4.0.3&ixid=M3wxMjA3fDB8MHxzZWFyY2h8N3x8c3dpbW1pbmd8ZW58MHx8MHx8fDA%3D,swimming
https://cms-artifacts.artlist.io/content/motion-array/404953/Little_Girl_In_Swimming_Pool_high_resolution_preview_404953.jpg?Expires=2036676835684&Key-Pair-Id=K2ZDLYDZI2R1DF&Signature=uKRDRTe8N9ZWVJWmaHYzECUzC1durXORiF7clZmsQ-BiTeHJhpWdoA~iqDQfP19xmUqvE02VROXkS8X0z9gnWLWzN6HS2uya8wzVQ0uL8u1Kgqvl1JlNN9wg8WI1ezrg8nbioea2tVRyhi6yQE8SYleYQQnp6U48~X3KdeHDEMloB7B9XTvjz1Am9fIAPEnifU3jafqfit1QrqjzCo~qcVJlS4JnbdBZhAokJJwyQwpnhIasIeSRXnds5b0URgoyhTA0URKOxSZ8-jeQpxmxpXHDs5Z1s9cHCR1a~bLdFK8p0wGMhPphmF95yWvmC8xNJ2P4rfFnVvwZw6bYHYrWSQ__,swimming
https://images.pexels.com/photos/1227571/pexels-photo-1227571.jpeg?cs=srgb&dl=pexels-freestockpro-1227571.jpg&fm=jpg,swimming
https://previews.123rf.com/images/ftlaudgirl/ftlaudgirl1308/ftlaudgirl130800074/21383615-pretty-young-girl-swimming-to-bottom-of-pool.jpg,swimming
https://t4.ftcdn.net/jpg/01/63/13/81/360_F_163138124_9lCV7ep4dYJlLApk7nq050lSnGwgAHVA.jpg,swimming
https://thumbs.dreamstime.com/b/boy-swimming-laps-12625729.jpg,swimming
