Index,ImageURL
0,https://upload.wikimedia.org/wikipedia/commons/thumb/1/15/Cat_August_2010-4.jpg/960px-Cat_August_2010-4.jpg
1,https://i.natgeofe.com/n/548467d8-c5f1-4551-9f58-6817a8d2c45e/NationalGeographic_2572187.jpg?w=374&h=250
2,https://upload.wikimedia.org/wikipedia/commons/4/4d/Cat_November_2010-1a.jpg
3,https://www.alleycat.org/wp-content/uploads/2019/03/FELV-cat.jpg
4,https://images.squarespace-cdn.com/content/v1/607f89e638219e13eee71b1e/1684821560422-SD5V37BAG28BURTLIXUQ/michael-sum-LEpfefQf4rU-unsplash.jpg
5,https://cdn.britannica.com/39/226539-050-D21D7721/Portrait-of-a-cat-with-whiskers-visible.jpg
6,https://d2zp5xs5cp8zlg.cloudfront.net/image-79322-800.jpg
7,https://i.natgeofe.com/n/4cebbf38-5df4-4ed0-864a-4ebeb64d33a4/NationalGeographic_1468962.jpg
8,https://cdn.britannica.com/34/235834-050-C5843610/two-different-breeds-of-cats-side-by-side-outdoors-in-the-garden.jpg
9,https://www.communitycatspodcast.com/wp-content/uploads/2023/03/Cat6-800x800.jpg
10,https://www.comfortzone.com/-/media/Project/OneWeb/ComfortZone/Images/Blog/how-can-I-soothe-and-calm-my-cat.jpeg
11,https://www.purina.in/sites/default/files/2020-12/Understanding%20Your%20Cat%27s%20Body%20LanguageHERO.jpg
12,https://static.scientificamerican.com/sciam/cache/file/2AE14CDD-1265-470C-9B15F49024186C10_source.jpg?w=1200
13,https://static01.nyt.com/images/2025/03/05/science/oakImage-1741195558812/oakImage-1741195558812-videoSixteenByNineJumbo1600-v2.jpg
14,https://media.npr.org/assets/img/2023/12/12/gettyimages-1054147940-627235e01fb63b4644bec84204c259f0a343e35b.jpg
15,https://www.nekocatcafe.com/asset/677c5b1eca829/Front%20Page%201.2025.jpg
16,https://cdn.britannica.com/93/181393-050-9FC2E61A/cat-Alison-Eldridge-orange-Calico.jpg
17,https://d2zp5xs5cp8zlg.cloudfront.net/image-53920-800.jpg
18,https://icatcare.org/img/asset/aW1hZ2VzL2N1dG91dHMvYWRvYmVzdG9ja18zMTYzODM5NjkucG5n/adobestock_316383969.png?p=default&s=86bb641e805a56548c51f3385510026b
19,https://i.guim.co.uk/img/media/c5e73ed8e8325d7e79babf8f1ebbd9adc0d95409/2_5_1754_1053/master/1754.jpg?width=1200&quality=85&auto=format&fit=max&s=4219f64fafe19d101f92e0eba0181f6a
20,https://media.istockphoto.com/id/1443562748/photo/cute-ginger-cat.jpg?s=612x612&w=0&k=20&c=vvM97wWz-hMj7DLzfpYRmY2VswTqcFEKkC437hxm3Cg=
21,https://media.4-paws.org/a/e/6/f/ae6fefbd6d12cfc50d51ebb7da9d7cbdb322d006/VIER%20PFOTEN_2020-10-07_00138-2890x2000-1920x1329.jpg
22,https://media.4-paws.org/a/e/6/f/ae6fefbd6d12cfc50d51ebb7da9d7cbdb322d006/VIER%20PFOTEN_2020-10-07_00138-2890x2000-1920x1329.jpg
23,https://upload.wikimedia.org/wikipedia/commons/thumb/a/af/Domesticated_indoor_cat_WI.jpg/960px-Domesticated_indoor_cat_WI.jpg
24,https://www.wnct.com/wp-content/uploads/sites/99/2022/07/Cat.jpg?w=2560&h=1440&crop=1
25,https://www.humaneworld.org/sites/default/files/styles/responsive_3_4_500w/public/2022-12/winter-cat-260203_0.jpg.webp?itok=Kq7v5gi3
26,https://cdn.britannica.com/70/234870-050-D4D024BB/Orange-colored-cat-yawns-displaying-teeth.jpg
27,https://cdn.kingcounty.gov/-/media/king-county/depts/dph/images/health-safety/disease-illness/diseases-from-animals-zoonotic/gray-tabby-cat.jpg?rev=cf0242c3fa1e4e8d97e07bdb5c1c3c5d&hash=E87E00AB1127D469E0A2B839A1D68488
28,https://www.purina.in/sites/default/files/2020-12/The%20History%20of%20CatsHERO.jpg
29,https://www.calgaryzoo.com/wp-content/uploads/2024/09/DSC01798-1.jpg
30,https://www.sfspca.org/wp-content/uploads/2024/01/san-francisco-spca-shelter-cat-long-whiskers.jpg
31,https://blog.nature.org/wp-content/uploads/2022/05/29473548577_8414ac0a6e_k.jpg
32,https://cdn.sanity.io/images/5vm5yn1d/pro/e8901b37029ada974f945ce569a5643b511fb4a9-1499x1000.jpg?fm=webp&q=80
33,"https://hips.hearstapps.com/hmg-prod/images/biggest-cat-breeds-ragdoll-6789899f19f49.jpg?crop=0.6669811320754717xw:1xh;center,top&resize=980:*"
34,https://th-thumbnailer.cdn-si-edu.com/ii_ZQzqzZgBKT6z9DVNhfPhZe5g=/fit-in/1600x0/filters:focal(1061x707:1062x708)/https://tf-cmsv2-smithsonianmag-media.s3.amazonaws.com/filer_public/55/95/55958815-3a8a-4032-ac7a-ff8c8ec8898a/gettyimages-1067956982.jpg
35,https://www.bluecross.org.uk/sites/default/files/d8/styles/theme_feature_extra_large/public/2023-01/BX150956_HY_BC_EDDIE_058.JPG.webp?itok=JK6O0CLW
36,https://media.wired.com/photos/59324c6352d99d6b984dd8ee/master/w_2560%2Cc_limit/Grumpy_Kitty....jpg
37,https://s7d2.scene7.com/is/image/PetSmart/WEB-2426203-Aug24-6TUS1_EGDealsCat_DMA
38,https://dims.apnews.com/dims4/default/f772a06/2147483647/strip/true/crop/3867x2578+0+0/resize/599x399!/quality/90/?url=https%3A%2F%2Fassets.apnews.com%2F2a%2Fd7%2Fd8fea83f211c8a6b23a3c28419e9%2F4d823d36bc7442bc9d8f6fe0b966e9eb
39,https://bestfriends.org/sites/default/files/styles/hero_mobile/public/hero-dash/Asana3808_Dashboard_Standard.jpg?h=ebad9ecf&itok=cWevo33k
40,https://www.vets4pets.com/siteassets/species/cat/kitten/cat-and-kitten-snuggling.jpg
41,https://cms.bps.org.uk/sites/default/files/styles/responsive/public/765/534/0/2022-09/Grumpy%20cat%202.jpeg
42,https://lacvets.com/wp-content/uploads/2023/01/what-is-a-cats-lifespan-lakeland-fl-scaled.jpg
43,https://www.paws.org/wp-content/uploads/2019/08/20171221-DSC_8211.jpg
44,https://static01.nyt.com/images/2024/11/06/multimedia/03BEATA-gftv/03BEATA-gftv-articleLarge.jpg?quality=75&auto=webp&disable=upscale
45,https://www.bluecross.org.uk/sites/default/files/d8/styles/theme_feature_extra_large/public/2024-05/BX170007_Daisy-2024-04-23-0911_lpr.jpg.webp?itok=1VaZGoSw
46,https://www.bluecross.org.uk/sites/default/files/d8/styles/theme_feature_extra_large/public/2024-05/BX170007_Daisy-2024-04-23-0911_lpr.jpg.webp?itok=1VaZGoSw
47,https://www.cdc.gov/healthy-pets/media/images/2024/04/Cat-on-couch.jpg
48,https://www.ddfl.org/wp-content/uploads/2023/09/resources-cat-banner.jpg
49,https://www.cats.org.uk/media/p1epv4xx/190110case060-2.jpg
50,"https://www.whiskas.co.uk/cdn-cgi/image/format=auto,q=90/sites/g/files/fnmzdf5651/files/2025-02/why-do-cats-purr_.jpg"
51,https://wwfgifts-files.worldwildlife.org/wwfgifts/images/black-footed-cat-large-photo.jpg
52,https://bestfriends.org/sites/default/files/resource_article_images/Robin-cat-5178LF.jpg
53,https://www.aspca.org/sites/default/files/newsidebar-ads_092024_cat-medical.png
54,"https://hips.hearstapps.com/hmg-prod/images/most-expensive-cat-breeds-british-shorthair-671026dc7cc33.jpg?crop=1xw:0.84375xh;center,top&resize=1200:*"
55,https://www.petsandparasites.org/images/uploads/images/Person_Holding_Little_Cats_in_Arms.jpg
56,https://humaneanimalrescue.org/wp-content/uploads/2019/08/community-cats-copy.jpg
57,https://humanecolorado.org/wp-content/uploads/2025/03/620x620-cat3.png
58,https://static.scientificamerican.com/sciam/cache/file/F766A67E-A8AA-4C90-A929C9AC67075D4B_source.jpg?crop=16%3A9%2Csmart&w=1920
59,https://cdn.psychologytoday.com/sites/default/files/styles/article-inline-half-caption/public/field_blog_entry_images/2021-12/img_1570.jpg?itok=4nWOikbM
60,"https://images2.minutemediacdn.com/image/upload/c_fill,w_1200,ar_1:1,f_auto,q_auto,g_auto/shape/cover/sport/578211-gettyimages-542930526-aef7b0e9536cbdb1633029d5801c0649.jpg"
61,"https://hips.hearstapps.com/hmg-prod/images/close-up-portrait-of-cat-sitting-on-floor-royalty-free-image-1718201739.jpg?crop=0.668xw:1.00xh;0.180xw,0&resize=980:*"
62,https://www.humaneworld.org/sites/default/files/styles/responsive_3_4_500w/public/2020-07/kitten-510651.jpg.webp?itok=WZKA-A90
63,https://upload.wikimedia.org/wikipedia/commons/thumb/3/3a/Cat03.jpg/1200px-Cat03.jpg
64,https://cdn.theatlantic.com/thumbor/W544GIT4l3z8SG-FMUoaKpFLaxE=/0x131:2555x1568/1600x900/media/img/mt/2017/06/shutterstock_319985324/original.jpg
65,https://icatcare.org/img/asset/aW1hZ2VzL2N1dG91dHMvdGlwcGVkLWVhci00LnBuZw/tipped-ear-4.png?p=default&s=1cc42cf458c54005bfec437d4b98507e
66,https://www.alleycat.org/wp-content/uploads/2024/04/alley-our-bnr.jpg
67,https://www.purina.com.au/dw/image/v2/BKFD_PRD/on/demandware.static/-/Sites-Purina_AU-Library/default/dwc7782b36/images/Finding-a-pet/Pet-breeds/Cat-breeds/American%20Bobtail%202.png
68,https://cdn.royalcanin-weshare-online.io/XGkUPmYBG95Xk-RBXt1l/v1/ec5h-should-you-choose-a-kitten-or-adult-cat-hero-cat
69,https://cdn.royalcanin-weshare-online.io/XGkUPmYBG95Xk-RBXt1l/v1/ec5h-should-you-choose-a-kitten-or-adult-cat-hero-cat
70,https://catdepot.org/wp-content/uploads/2019/02/home-header-08.png
71,https://sonoraliveoakvet.com/wp-content/uploads/2023/09/cat-coughing-scaled.jpg
72,https://i.ytimg.com/vi/paWE-GvDO1c/maxresdefault.jpg
73,https://www.wondercide.com/cdn/shop/articles/Upside_down_gray_cat.png?v=1685551065&width=1100
74,https://www.vets4pets.com/contentassets/eb5e17755de843c99b88a684482b92fe/your-cats-first-season.jpg
75,https://moderncat.com/wp-content/uploads/2014/03/bigstock-46771525_Andrey_Kuzmin-1-940x640.jpg
76,https://www.aspca.org/sites/default/files/cat-care_general-cat-care_body1-left.jpg
77,https://cdn.britannica.com/15/193115-050-0D385DDA/Collage-cats-cat-quiz-Mendel.jpg
78,https://www.paws.org/wp-content/uploads/2020/02/HappyCat-HP.jpg
79,https://cdn.mos.cms.futurecdn.net/yzV5i2F35i9RozwSeFLPJV-1200-80.jpg
80,https://woodgreen.org.uk/nitropack_static/xoJzNJaUrazkmGClTAEjQlzsnLULSpuy/assets/images/optimized/rev-fd6ce3e/woodgreen.org.uk/wp-content/uploads/2021/12/tabby_cat_in_the_garden-1536x0-c-default.webp
81,https://static.scientificamerican.com/sciam/cache/file/32665E6F-8D90-4567-9769D59E11DB7F26_source.jpg?w=1200
82,https://d3544la1u8djza.cloudfront.net/APHI/Blog/2020/07-23/How+Much+Does+It+Cost+to+Have+a+Cat+_+ASPCA+Pet+Insurance+_+black+cat+with+yellow+eyes+peeking+out-min.jpg
83,https://panthera.org/sites/default/files/blog-post-images/IMG-508102-Manul-Pallas-Cat-Mongolia-Sebastian-Kennerknecht%20%281%29.jpg
84,https://images.aeonmedia.co/images/4feda9d0-bdb6-464f-88e3-b70ae02578fe/essay-wood-cats-149626371.jpg?width=3840&quality=75&format=auto
85,"https://hips.hearstapps.com/hmg-prod/images/large-cat-breed-1553197454.jpg?crop=1xw:0.75xh;center,top&resize=1200:*"
86,https://petlibro.com/cdn/shop/files/shutterstock_1422948287.jpg?v=1704968235
87,https://www.thesprucepets.com/thmb/qu1ksKGL75-FYqaVSnFRmk_T5_U=/1500x375/filters:no_upscale():strip_icc()/cats-recirc3_2-1f5de201af94447a9063f83249260aff.jpg
88,https://images.contentstack.io/v3/assets/blt6f84e20c72a89efa/bltd23d698154616afc/63c73a89a362596b80751065/img-cat-whiskers-101-header.jpg
89,https://images.vetster.com/hiding_kitten_f88b620377.jpg
90,https://snworksceo.imgix.net/ufa/01813891-c850-4172-bcce-2a701f59e063.sized-1000x1000.jpg?w=800&dpr=2&ar=16%3A9&fit=crop&crop=faces
91,https://images.ctfassets.net/82d3r48zq721/5nu9ucFJsFxIyP3Gtn0k3R/1e9540898865229d64b2eae22a5bb286/White-kitten-wrapped-in-blankets_resized.jpg?w=800&q=50
92,https://images.ctfassets.net/82d3r48zq721/5nu9ucFJsFxIyP3Gtn0k3R/1e9540898865229d64b2eae22a5bb286/White-kitten-wrapped-in-blankets_resized.jpg?w=800&q=50
93,https://catfriendly.com/wp-content/uploads/2021/08/cat-lying-down.jpg
94,https://www.daysoftheyear.com/cdn-cgi/image/dpr=1%2Cf=auto%2Cfit=cover%2Ch=1333%2Cq=85%2Cw=2000/wp-content/uploads/happy-cat-month-1.jpg
95,https://i.natgeofe.com/n/fa48a59d-202e-4f47-9a22-6672c2b025d7/GettyImages-83454800-CROP.jpg
96,https://www.thesprucepets.com/thmb/XMb-I4hzef2SyFGabzAPi0WnUJ0=/3000x0/filters:no_upscale():strip_icc()/smartest-cat-breeds-4589754-hero-e192f849d9f1442481c47c932cd36aa8.jpg
97,https://i.ytimg.com/vi/cXeJNcAKzAg/hqdefault.jpg
98,https://images.squarespace-cdn.com/content/v1/65a18fdea1d38d21e97fdd66/86f50f78-4390-4508-8714-7414e77b49aa/Everly.png
99,https://www.hawkcreek.org/wp-content/uploads/2023/04/Sand-Cat-Ra-2-Tiffany-Cimino-e1680717268279.jpg
